,also,and,and the,are,bank,can,capital,economic,economics,for,from,has,have,his,its,market,may,more,not,other,price,retrieved,such,that,the,their,this,trade,was,were,which,with
random,0.0,0.3051060050132823,0.0,0.0,0.0,0.18926151366623473,0.0,0.0,0.0,0.16853536768985725,0.0,0.0,0.0,0.0,0.0,0.0,0.19494208273509164,0.0,0.0,0.0,0.0,0.0,0.0,0.0,0.43656225060331033,0.0,0.7836435546307534,0.0,0.0,0.0,0.0,0.0
random,0.0,0.39606810723242636,0.034352028195734775,0.033503366912949216,0.016778583270857,0.010682025015117119,0.0,0.0,0.0,0.13317121744454688,0.029509434796055375,0.045802704260979696,0.024855824788716053,0.0,0.04997219665325701,0.0,0.011002639490390945,0.012172434688040428,0.011863921800842447,0.023607184437765848,0.0,0.011625229770345401,0.0,0.05341012507558559,0.8623935616611976,0.01229917554079721,0.08845855548067952,0.0,0.20055412391752123,0.06023814442945466,0.03268309433492542,0.12665270887120783
random,0.013702939815897042,0.2916577325827614,0.03393912456190521,0.017338443045732132,0.0,0.0015076613546897227,0.0,0.0,0.0,0.10606195740243857,0.17492842825840973,0.01777763667528368,0.029819291245690733,0.02443628571350264,0.005289808083891993,0.0,0.006211651568226019,0.037796392126472074,0.0284660631866077,0.01665959385953655,0.0,0.2247875866784433,0.005489279669945244,0.06784476096103752,0.8752122150242283,0.07464395937474537,0.007803152106058975,0.004527695396940137,0.09624113273176699,0.1581374537965642,0.021526833939880877,0.07425318770068655
random,0.0,0.17714148588647022,0.23558051717843234,0.0,0.0,0.2197666725733557,0.0,0.0,0.0,0.0,0.0,0.0,0.0,0.0,0.0,0.0,0.22636283540859212,0.0,0.0,0.0,0.0,0.23917169833565619,0.0,0.0,0.8448788779760376,0.0,0.0,0.0,0.20630504245142348,0.0,0.0,0.0
random,0.14219251481927506,0.4539706116309275,0.07546695720135056,0.07360255826858615,0.0,0.0,0.0,0.0,0.0,0.06269141109520035,0.0,0.2264008716040517,0.0,0.0,0.0,0.0,0.0,0.08022378787107302,0.0,0.07779289045721326,0.0,0.6129389828412772,0.0,0.07040107676143197,0.5413048488746595,0.0,0.14574899295282234,0.0,0.0,0.0,0.0,0.0
random,0.0,0.0,0.0,0.0,0.0,0.1746046313271293,0.0,0.0,0.0,0.0,0.3215672419131176,0.0,0.0,0.0,0.0,0.0,0.0,0.0,0.0,0.0,0.0,0.7600877007015965,0.0,0.0,0.5370050454974031,0.0,0.0,0.0,0.0,0.0,0.0,0.0
random,0.09444899737196599,0.15077118918452037,0.0,0.0,0.0,0.0,0.0,0.0,0.0,0.0,0.08612236749838273,0.0,0.0,0.0,0.0,0.0,0.0,0.0,0.0,0.0,0.0,0.10178361437156283,0.0,0.0,0.9348369765863962,0.0,0.0,0.0,0.2633899373952904,0.0,0.0,0.08529969023953733
random,0.0,0.4500581226447651,0.0,0.0,0.0,0.0,0.0,0.0,0.0,0.0,0.0,0.0,0.0,0.0,0.0,0.0,0.0,0.1590647783608522,0.0,0.0,0.0,0.45574233360992267,0.0,0.0,0.7512955529498792,0.0,0.0,0.0,0.0,0.0,0.0,0.0
random,0.06736809168771614,0.1881972626928199,0.0,0.0,0.05239121964335231,0.0,0.09311562088609569,0.0,0.0,0.2079139338131235,0.061428916255667224,0.0,0.0,0.0,0.0,0.0,0.4466254395617553,0.0,0.0,0.0,0.0,0.3266986019161948,0.0,0.03335468255981065,0.7180876522351254,0.19202122038195799,0.06905308294967316,0.15025241798102676,0.06262313681032422,0.07523757649296077,0.03401771465213864,0.060842121281179266
random,0.0,0.5330451415926171,0.059074741633513755,0.0,0.0,0.0,0.0,0.0,0.0,0.0,0.25373497983802296,0.0,0.0,0.0,0.06445240851565288,0.0,0.0,0.0,0.06120670178350625,0.0,0.0,0.0,0.0,0.0,0.7627099528136215,0.0,0.11409078120190475,0.0,0.20693421045982321,0.0,0.0,0.05026223921102737
random,0.0,0.259156116431484,0.0,0.0,0.0,0.0,0.0,0.0,0.0,0.47717810262867166,0.09868878539055978,0.1148839332833478,0.0,0.0,0.0,0.0,0.2207776194091059,0.0,0.0,0.1184247194882972,0.0,0.23327043988146962,0.0,0.0,0.659226050184052,0.0,0.3328122307455543,0.0,0.100607363532766,0.0,0.0,0.0977460683960994
random,0.0,0.37109177900143175,0.0,0.08493932868210542,0.0,0.05416315536924857,0.0,0.0,0.0,0.2411585728278926,0.049875814727872954,0.08709089511498351,0.031507834374962074,0.0,0.03167297220848306,0.0,0.0,0.0,0.0,0.029925028183413204,0.0,0.44209252835722374,0.0,0.08124473305387285,0.7496163974301265,0.031181454583148496,0.028033041941128194,0.0,0.07626815251543248,0.030543721544093533,0.05523982309550146,0.07409906979412768
random,0.0,0.0,0.0,0.0,0.0,0.52293528613639,0.0,0.0,0.0,0.0,0.0,0.0,0.0,0.0,0.0,0.0,0.0,0.0,0.0,0.0,0.0,0.5691095880934143,0.0,0.0,0.40207823382093355,0.0,0.0,0.0,0.49090330732338244,0.0,0.0,0.0
random,0.007647487535562731,0.384547807768619,0.05682336101789776,0.031668313773615946,0.0,0.0,0.01057029421871609,0.009978437511033502,0.0,0.10115127063053966,0.09065269885271234,0.024352869007670468,0.0,0.0,0.008856583024648148,0.0,0.0,0.0,0.008410581520454012,0.016735625243932753,0.0,0.0,0.0,0.030290840988783964,0.855916286768815,0.008719141971494078,0.023516292858541597,0.0,0.26302744978062625,0.10248978363876306,0.023169726997446967,0.11741343701646716
random,0.0,0.20387139652418845,0.0,0.0,0.0,0.25292854591791675,0.0,0.0,0.0,0.450460367348758,0.0,0.0,0.0,0.3153449543113471,0.0,0.0,0.0,0.0,0.0,0.0,0.0,0.5505234180998407,0.0,0.0,0.3889470292851825,0.0,0.0,0.0,0.23743561201417093,0.2852632578143869,0.0,0.0
random,0.06747945872152136,0.16157860623290207,0.07162781289549343,0.06985825939988467,0.0,0.06681964320430923,0.0,0.0,0.0,0.11900436510513267,0.06153046516438465,0.2148834386864803,0.07774075334875172,0.0,0.0,0.08755309870850077,0.0,0.07614265475240518,0.0,0.0,0.0,0.0,0.0,0.0,0.8220282650309072,0.0,0.13833447092715856,0.0,0.31363329949978264,0.0,0.13629579904446312,0.2437708006071809
random,0.0,0.5188774495454254,0.08625691019273646,0.0,0.0,0.0,0.0,0.0,0.0,0.10748215412210586,0.25934056306324027,0.0,0.0,0.10032389806131843,0.047054506370335834,0.0,0.0,0.04584692640551067,0.0,0.0,0.0,0.0,0.0,0.0,0.7424380491986555,0.0,0.16658758034023913,0.0,0.11330670973246948,0.18150740391650122,0.0,0.07338949496567695
random,0.13269902440439763,0.5295765510956917,0.0,0.0,0.0,0.0,0.0,0.0,0.0,0.11701163175068077,0.0,0.563427216017148,0.0,0.0,0.0,0.0,0.0,0.1497352852651518,0.0,0.0,0.0,0.0,0.0,0.0,0.5051646033712327,0.0,0.0,0.0,0.2467051968280227,0.0,0.13401351986430338,0.1198444238873799
random,0.06989925834114571,0.334745564160069,0.07419637164926661,0.018090840581601875,0.0,0.01730394549353274,0.0,0.0,0.0,0.1078628576841322,0.1434081039503076,0.11129455747389991,0.10066065112468443,0.021574124349076032,0.020237646089021486,0.0,0.0,0.01971827870346261,0.0,0.038241572378717725,0.0,0.0,0.042001561297580245,0.03460789098706548,0.8781155943331672,0.07969435116362628,0.0537356688095695,0.0,0.06497602512371478,0.03903220845724289,0.017647917323141166,0.17360225559332262
random,0.02045788733233101,0.3102454322191989,0.021715552463522393,0.0,0.0,0.0,0.0,0.0,0.0,0.2525515997981688,0.16788886765235558,0.0,0.023568825288043754,0.0,0.0,0.0,0.04173175343174766,0.04616865284998136,0.08999699749477127,0.02238483777085997,0.0,0.35274533736175606,0.0,0.14180494786290238,0.7788000391439105,0.023324683205815624,0.020969574104651507,0.0,0.11410182878874973,0.1370858361420338,0.04132107983006641,0.11085674814719523
random,0.10423314343982257,0.24958478267860326,0.055320480019170594,0.02697689826816213,0.0,0.0,0.0,0.0,0.0,0.06893319441008763,0.14256591389979914,0.0,0.0,0.1608556979882937,0.03017819527334866,0.0,0.026577963371688936,0.0,0.0,0.0,0.0,0.0,0.0,0.051606974823667516,0.7935988195881535,0.0,0.0,0.0,0.4844583124055123,0.0,0.05263283020198499,0.023534010671110463
random,0.1383713623055442,0.44177101767903615,0.0,0.42974777975093076,0.0,0.13701836431598174,0.0,0.0,0.0,0.0,0.0,0.0,0.0,0.0,0.0,0.0,0.0,0.0,0.0,0.0,0.0,0.29823370862284365,0.0,0.0,0.6321099767304775,0.0,0.0,0.0,0.0,0.0,0.27948409408758595,0.12496728044874984
random,0.0,0.2195073203545327,0.0,0.0,0.0,0.068081727380799,0.0,0.0,0.0,0.0,0.12538529552235708,0.0,0.0,0.0,0.15924852564714848,0.0,0.42075095379045785,0.1551616624785939,0.075614528946431,0.0,0.0,0.0,0.0,0.068081727380799,0.7328603365857866,0.0,0.2818946431136436,0.0,0.0,0.0,0.20830521509941735,0.1862813432674865
random,0.06806294039016077,0.2580449292787382,0.0,0.0,0.0,0.0,0.0,0.0,0.0,0.2250625735347747,0.10860938733822025,0.0,0.01960324060577684,0.021007352215019356,0.0,0.0,0.03471015603983054,0.0,0.0,0.0,0.0,0.05501137336363385,0.020449070782258244,0.05054806468301099,0.6088968840266736,0.03880035354745315,0.0,0.0,0.6959594955244196,0.03800679636049636,0.0,0.015367414937207285
random,0.0,0.27919164840816474,0.11138911801730245,0.0,0.0,0.0,0.0,0.0,0.0,0.18506486144719042,0.15947772168368546,0.03712970600576748,0.0,0.0,0.0,0.0,0.0,0.03947006436704049,0.0,0.03827406402922406,0.0,0.07539141988874137,0.0,0.0,0.7190686459027211,0.0,0.0,0.0,0.35767177320183846,0.42971909052006674,0.03532582347394609,0.09477259384431787
random,0.13715607640515667,0.4378910378910243,0.09705857124878718,0.09466075499432929,0.0,0.0,0.0,0.0,0.0,0.16125570756049026,0.08337625840735655,0.04852928562439359,0.0,0.056443560209744795,0.0,0.0,0.04663045495383976,0.0,0.05028066870619645,0.0,0.0,0.09853812871130736,0.0,0.09054330767053234,0.7657934665605197,0.052125324248366696,0.2811731691899457,0.0,0.16999430090043746,0.05105924051721833,0.09234314847619553,0.041289906571673654
random,0.0757206679408632,0.5741548717035294,0.0,0.11758498430111797,0.058886900997886925,0.0,0.05233024145842765,0.14820042853839513,0.0,0.10015370067089474,0.138090257664538,0.08037565710141274,0.0,0.0,0.08769237990666708,0.09824588460111076,0.15446151368726357,0.0,0.0,0.04142643959815594,0.0,0.0,0.0,0.0,0.7206420951291358,0.0,0.0776145714289023,0.0,0.03519370690957568,0.12684876631300449,0.0382353724255975,0.0
random,0.0,0.0,0.0,0.0,0.0,0.0,0.0,0.0,0.0,0.0,0.0,0.0,0.0,0.0,0.0,0.0,0.0,0.0,0.0,0.0,0.0,0.0,0.0,0.0,0.8601016117706894,0.0,0.0,0.0,0.0,0.0,0.0,0.5101227474142496
random,0.0,0.48755918079928406,0.0,0.0,0.0,0.3024397653396721,0.0,0.0,0.0,0.5386387973779524,0.0,0.0,0.0,0.3770742983432362,0.0,0.0,0.0,0.0,0.0,0.0,0.0,0.3291446854680938,0.0,0.0,0.23254205617571688,0.0,0.0,0.0,0.0,0.0,0.0,0.27583948445696416
random,0.1541016857280994,0.4919923992641776,0.0,0.0,0.0,0.15259487631678562,0.0,0.0,0.0,0.13588411658268332,0.0,0.0,0.1775352287613153,0.5707543700806181,0.0,0.0,0.0,0.0,0.0,0.16861668945590508,0.0,0.0,0.0,0.15259487631678562,0.3519847291978758,0.0,0.0,0.0,0.2864956007002939,0.0,0.0,0.27834760397147446
random,0.0,0.24932562847473294,0.0,0.16169332223278393,0.0,0.0,0.0,0.0,0.0,0.2754464728917058,0.0,0.0,0.0,0.0,0.0,0.0,0.15930219823757388,0.0,0.0,0.17089882743228554,0.0,0.0,0.37540389317655015,0.0,0.7134973137960741,0.17807415228590573,0.0,0.0,0.0,0.0,0.31546907614345066,0.0
random,0.0,0.0,0.0,0.0,0.0,0.0,0.0,0.0,0.0,0.0,0.0,0.0,0.0,0.0,0.0,0.0,0.5834175086008169,0.0,0.0,0.0,0.0,0.0,0.0,0.28320842587698897,0.6532659778295792,0.0,0.29315846266955303,0.0,0.0,0.0,0.0,0.2582995860350567
random,0.0,0.2872542197676111,0.0,0.05322596386300645,0.0,0.05091080059944092,0.07106334768925568,0.0,0.0,0.0453355271877578,0.2812854208032777,0.05457421088805449,0.0,0.0,0.0,0.0,0.0,0.0,0.0,0.0,0.0,0.5540613824842742,0.0,0.0,0.7046039078680414,0.0,0.0,0.0,0.0,0.0,0.0,0.13929923178126788
random,0.034331396197411615,0.4658342321056008,0.054662919720893675,0.05331248115852379,0.0,0.0,0.0,0.0,0.0,0.3481373441495995,0.03130473803127591,0.07288389296119156,0.03955201559804503,0.0,0.03975931433173521,0.0,0.0,0.0,0.0,0.03756510737605149,0.0,0.31447846301511817,0.0,0.03399570310846593,0.7318880816049127,0.0,0.0,0.0,0.03191332375757307,0.0,0.03467147755547944,0.07751425485219748
random,0.0,0.1825391247453986,0.0,0.0,0.0,0.11323156701265127,0.0,0.0,0.0,0.0,0.0,0.1213794193879003,0.0,0.0,0.0,0.0,0.0,0.0,0.0,0.0,0.0,0.0,0.0,0.0,0.9576852940056524,0.0,0.0,0.0,0.10629565878142343,0.0,0.0,0.10327258729997062
random,0.033682034242438624,0.16130230594888847,0.0,0.0,0.0,0.0,0.0,0.0,0.0,0.2970021675049661,0.0,0.0,0.0,0.2079164821834638,0.03900728589879931,0.0,0.10306125397394389,0.0,0.11112884857415137,0.0,0.0,0.1088930305235739,0.0,0.0,0.8462670482939574,0.0,0.0,0.0,0.2817872863866466,0.0,0.03401568312411502,0.09125773171109207
random,0.10976954285580492,0.7009109666853156,0.0,0.22727832571015888,0.0,0.108696214037439,0.0,0.0,0.0,0.19358564817991772,0.0,0.0,0.0,0.0,0.0,0.0,0.0,0.0,0.0,0.24021770861211203,0.0,0.0,0.0,0.217392428074878,0.5014507483642652,0.0,0.0,0.0,0.0,0.0,0.0,0.19827225833770387
random,0.0,0.0,0.0,0.0,0.0,0.30462936332795215,0.0,0.0,0.0,0.27126921244085456,0.28051611067403043,0.0,0.0,0.0,0.0,0.0,0.3137726281432069,0.0,0.0,0.0,0.0,0.3315276212581165,0.0,0.0,0.4684512199658772,0.0,0.0,0.0,0.5719390751784329,0.0,0.0,0.0
random,0.0,0.34548596286597616,0.0,0.0,0.0,0.2143097651572105,0.0,0.0,0.0,0.19084056959405588,0.0,0.0,0.0,0.0,0.0,0.0,0.0,0.0,0.0,0.0,0.0,0.6996988656520252,0.0,0.0,0.32956005895733687,0.0,0.0,0.0,0.4023647869879363,0.0,0.0,0.19546072279438997
random,0.0,0.3092191401995997,0.0,0.0,0.0,0.1278752992230797,0.0,0.0,0.0,0.0,0.0,0.0,0.0,0.0,0.14955520116331986,0.0,0.1317133984507889,0.0,0.2840477433997683,0.0,0.0,0.0,0.0,0.0,0.6882517412158422,0.0,0.5294719042000516,0.0,0.0,0.0,0.0,0.11662836919893431
random,0.0,0.45039353658180564,0.0,0.0,0.0,0.1862569316419503,0.25998493319610444,0.0,0.0,0.0,0.0,0.0,0.0,0.0,0.0,0.0,0.1918473200111955,0.0,0.2068650530903787,0.0,0.0,0.0,0.0,0.0,0.1432105656223957,0.0,0.7712029834227996,0.0,0.0,0.0,0.0,0.0
random,0.0,0.3285953842794604,0.2184995518797144,0.0,0.0,0.20383230349648934,0.0,0.0,0.0,0.18151050127092033,0.09384887323716047,0.0,0.0,0.0,0.0,0.0,0.31492530892232284,0.0,0.0,0.0,0.0,0.0,0.0,0.0,0.783620218010545,0.0,0.1054967989571382,0.0,0.1913467202893482,0.0,0.0,0.0
random,0.0,0.41307690998445407,0.04994101009741811,0.0,0.0,0.0931772265849049,0.0,0.0,0.0,0.0,0.042900843371509706,0.0,0.0,0.5227696094617472,0.0,0.0,0.0,0.053088890140792454,0.10348668237139207,0.0,0.0,0.15210692732138004,0.0,0.13976583987735736,0.6447849690341633,0.0,0.0,0.0,0.2624091923631638,0.0,0.04751471251988666,0.0
random,0.08064713222806737,0.25747788475637207,0.0,0.08349012262080145,0.0,0.0,0.0,0.0,0.0,0.07111320207796758,0.0,0.0,0.0,0.09956564921436527,0.0,0.0,0.0,0.0,0.0,0.0,0.0,0.0,0.0,0.07985856293200444,0.9210333703930884,0.0,0.0,0.0,0.22490067337618172,0.0,0.0,0.0
random,0.015036279431023475,0.5040582078151311,0.07980323420897646,0.1089643915588501,0.0,0.0,0.0,0.0,0.0,0.1458459517346265,0.08226408023372044,0.06384258736718118,0.01732277811169364,0.018563548162936774,0.19154926660257238,0.0,0.015336146288054497,0.016966677788598884,0.016536653813538138,0.01645256278290531,0.0,0.01620395038353914,0.0,0.059557017542041735,0.7784746564566585,0.06857334750660841,0.09247417506952345,0.0,0.12579502614722976,0.05037814767435845,0.060740905707755956,0.10863767862100124
random,0.0,0.9084002788135689,0.0,0.09818636234678033,0.0,0.0,0.0,0.0,0.0,0.0,0.0,0.0,0.0,0.0,0.0,0.0,0.0,0.0,0.10430670993318762,0.0,0.0,0.0,0.0,0.09391556210963532,0.36105235525733465,0.0,0.0,0.0,0.08816284016590535,0.0,0.0,0.08565546996015233
random,0.22028300324389502,0.3516430166581903,0.0,0.0,0.0,0.21812907156643097,0.0,0.0,0.0,0.0,0.20086283906544838,0.0,0.0,0.0,0.5102210884492366,0.0,0.0,0.0,0.2422636385790311,0.0,0.0,0.0,0.0,0.0,0.5031499355594589,0.0,0.0,0.0,0.40953550274445044,0.0,0.0,0.0
random,0.08139138614971746,0.4619627117514382,0.08639498728784971,0.009362290349436267,0.0,0.0,0.0,0.0,0.0,0.21530841571535886,0.07421591614766378,0.0383977721279332,0.020837378746259603,0.011164943678532359,0.0,0.0,0.009223840617588767,0.0,0.0,0.019790606324431796,0.0,0.04872888302764156,0.010868229428695022,0.04477529973538904,0.8124808257601838,0.0,0.05561808266974285,0.0,0.2101631244746929,0.0,0.027399212097992568,0.07350697434505708
random,0.0,0.4119186968017997,0.026853470735281226,0.03142807211745283,0.0,0.020040699396440674,0.0069934040143574145,0.0,0.02037785491441641,0.37030512149221917,0.06459024980263224,0.026853470735281226,0.02914522949395772,0.04372592058383442,0.011719193807944409,0.01312956226868034,0.10321104391830267,0.03425531734300344,0.03895162740584283,0.005536221903666018,0.0,0.16902950943951275,0.0,0.13527472092597456,0.7704518351966287,0.02884332318642184,0.0518619865183233,0.022569271472952734,0.14580169962886963,0.01695204621317078,0.015329304789700775,0.05483421980038871
random,0.06829982894592446,0.3816002658823886,0.0,0.023569183165120335,0.0,0.0,0.0,0.029705859690602954,0.0,0.2609774716346042,0.14531652682256532,0.04833241069426474,0.0,0.1405364460863076,0.0,0.0,0.0,0.025689448777490166,0.0,0.0,0.0,0.2698805354903992,0.0,0.0,0.7453529843945835,0.051913860810623796,0.0,0.0,0.31744624384115233,0.025426050998522975,0.04598426413585518,0.0411224005520252
random,0.0,0.4613923882217247,0.0,0.0,0.0,0.28620813866027034,0.0,0.0,0.0,0.0,0.0,0.0,0.0,0.0,0.0,0.0,0.0,0.0,0.0,0.0,0.0,0.3114798335858455,0.0,0.0,0.6601852998748539,0.0,0.0,0.0,0.0,0.3227973566641891,0.0,0.26103546710125836
random,0.025227838759510124,0.42285391311400405,0.18745118352487428,0.052234352128798144,0.0,0.0,0.0,0.0,0.0,0.04449091607180682,0.04600750164196793,0.0803362215106604,0.029064121551699046,0.031145882996342553,0.08764935443190507,0.0,0.0,0.0,0.05549032763637352,0.02760407605963201,0.0,0.0,0.03031816477627214,0.0,0.8259308346488147,0.0,0.02585883017997196,0.0,0.2110586366094594,0.08452435274043031,0.10191096689386094,0.11392004634651286
random,0.0720385466178527,0.3104914994956775,0.0,0.08949367831515724,0.0,0.0,0.0,0.0,0.0,0.19056691471251877,0.07882514828321818,0.12234747903835586,0.016598624204538597,0.0,0.05005686111647001,0.0,0.014695040676495626,0.03251482028997838,0.0,0.03152957396027318,0.0,0.031053134931491522,0.0,0.07133415224664073,0.8665970516198873,0.19712021103723704,0.0,0.0,0.13392927267047086,0.04827216142674879,0.0291008596076678,0.10409623619586587
random,0.0,0.04618106768206787,0.0,0.0,0.0,0.0,0.0,0.0,0.0,0.15305781782502773,0.0,0.0,0.0,0.0,0.0,0.0,0.17703945584054878,0.0,0.0,0.0,0.0,0.7482293151059769,0.0,0.0,0.6167315559355083,0.0,0.0,0.0,0.05378405335668892,0.0,0.0,0.0
random,0.0,0.0,0.0,0.0,0.0,0.22097334185571804,0.0,0.0,0.0,0.1967744138672928,0.20348196819515596,0.0,0.0,0.0,0.0,0.0,0.0,0.25180465012300546,0.0,0.0,0.0,0.4809698289525377,0.0,0.0,0.6796142725138908,0.0,0.2287368569235756,0.0,0.0,0.24922285920368742,0.0,0.0
random,0.030921571492643244,0.4195671632154565,0.04923375007607957,0.048017438268874627,0.024047272279854218,0.0,0.0,0.0,0.0,0.04089913493587388,0.04229328554800578,0.016411250025359855,0.03562367434637855,0.171788731341259,0.0,0.02006002606133768,0.06307647394331961,0.0,0.017003518905394727,0.016917053805183897,0.0,0.04998426763878094,0.0,0.04592882960832036,0.8593094736173839,0.0,0.015847486456300196,0.0,0.15809015283119654,0.03453362032643871,0.06245575133749806,0.06981547034466085
random,0.032359657946182584,0.23245422510109995,0.0,0.3685044847570015,0.0,0.19225946732330226,0.0,0.0,0.0,0.37094419608759327,0.029506828355070416,0.10304698208814009,0.03728044407152051,0.0,0.0,0.0,0.03300500302422761,0.0,0.10676586520661101,0.1062229469268391,0.0,0.0,0.03888900080060676,0.25634595643106967,0.6652162724097607,0.03689426762314963,0.13267611347751682,0.0,0.0,0.0,0.2614416606263512,0.029224966657889054
random,0.0,0.38841383507263233,0.0,0.0,0.0,0.4818770469729262,0.0,0.0,0.0,0.0,0.0,0.0,0.0,0.0,0.0,0.0,0.0,0.0,0.0,0.0,0.0,0.5244259758040242,0.0,0.0,0.37050908038205616,0.0,0.0,0.0,0.45236005745563146,0.0,0.0,0.0
random,0.008873138634319508,0.2549592543760117,0.04709310995792784,0.01837187292700487,0.0,0.008786376904628405,0.0,0.0,0.0,0.10171427902468606,0.1051814678683415,0.01883724398317114,0.0,0.0,0.04110405601244627,0.0,0.08145085190716263,0.020024592502777144,0.14637798782775546,0.019417818235189253,0.0,0.09562199135520513,0.0,0.1493684073786829,0.8850009573871761,0.06069927289892965,0.03638028406562908,0.0,0.23094888544375872,0.03963855469303655,0.03584413814544028,0.06410875693929417
random,0.08251182339941873,0.4170993791278266,0.029194768107185128,0.028473516098095696,0.0,0.027235007038409698,0.0,0.0,0.0,0.16976739144886085,0.050158383716738156,0.0875843043215554,0.0,0.0,0.0,0.0,0.028052449188034075,0.0,0.06049676784913309,0.030094566966923524,0.0,0.0,0.0,0.027235007038409698,0.8585665503076862,0.031358111588973454,0.08457558530736532,0.0,0.12783374333859615,0.061433531009155766,0.02777639080570725,0.07451887444978732
random,0.0,0.40301998791283805,0.0,0.0,0.0,0.08333297465669437,0.0,0.0,0.0,0.22262138644663867,0.23021000030546138,0.0,0.0,0.20779491686377052,0.0,0.0,0.08583416313966015,0.0,0.0,0.0,0.0,0.0,0.0,0.16666594931338874,0.7048102083188974,0.0,0.0,0.0,0.3911424028230264,0.0,0.0,0.0
random,0.0,0.1995686679314293,0.0,0.0,0.0,0.247590460708318,0.0,0.0,0.0,0.4409533509867726,0.22799218144679703,0.0,0.0,0.0,0.0,0.0,0.0,0.0,0.0,0.0,0.0,0.26945227993816995,0.0,0.0,0.7614765175861345,0.0,0.0,0.0,0.0,0.0,0.0,0.0
random,0.0,0.06547517671462309,0.0,0.7218563189674727,0.0,0.0,0.0,0.0,0.0,0.03616737396458977,0.03740023051842629,0.0,0.0,0.0,0.0,0.0,0.33467364408356753,0.0,0.0,0.0,0.0,0.5746184152144337,0.0,0.0,0.15614240097711263,0.0467638913037292,0.0,0.0,0.03812731682820461,0.0,0.04142252369893168,0.0
random,0.12475961125860098,0.39831349140908734,0.0,0.0,0.0,0.12353970924709409,0.0,0.0,0.0,0.33003239674456236,0.1706411934811778,0.0662146545145264,0.0,0.2310393069321936,0.0,0.0,0.06362383919106512,0.0,0.0,0.0,0.0,0.20167208517018068,0.0,0.061769854623547046,0.7124107334745982,0.0,0.0,0.0,0.23194476816907736,0.06966659259707507,0.0,0.0
random,0.028166324214851872,0.427144469421962,0.04484680758498229,0.029159249653477555,0.0,0.013945456662451314,0.0,0.0,0.0,0.09934624829658681,0.08989112721280461,0.1195914868932861,0.016224724568140437,0.12170791417308527,0.0,0.0,0.014364021051128389,0.03178239335301271,0.015488430993769372,0.0,0.0,0.030353633833278035,0.016924780335490875,0.02789091332490263,0.8685211027036928,0.01605665772597783,0.057741624370523735,0.0,0.05236495588822619,0.0,0.028445335349024378,0.03815676392918018
random,0.0,0.0,0.0,0.0,0.0,0.24677715568758457,0.3444615014870731,0.0,0.0,0.0,0.22724325442703963,0.2645346051972397,0.0,0.0,0.0,0.0,0.0,0.0,0.0,0.0,0.0,0.26856716145866616,0.0,0.0,0.758975158393411,0.0,0.0,0.0,0.0,0.0,0.0,0.22507253080350875
random,0.0,0.0,0.0,0.0,0.0,0.0,0.0,0.0,0.0,0.0,0.0,0.0,0.0,0.0,0.0,0.0,0.25815988279966773,0.0,0.0,0.0,0.0,0.0,0.0,0.2506371610534127,0.7708467928474433,0.0,0.2594428629542045,0.0,0.0,0.0,0.0,0.45718607943690065
random,0.2092017359895044,0.0,0.0,0.0,0.0,0.2071561571682035,0.0,0.0,0.0,0.0,0.0,0.0,0.0,0.0,0.0,0.0,0.0,0.0,0.0,0.0,0.0,0.0,0.0,0.0,0.9556782723313743,0.0,0.0,0.0,0.0,0.0,0.0,0.0
random,0.0,0.6476981618659302,0.0,0.0,0.0,0.2678508070405396,0.0,0.0,0.0,0.47703659741632914,0.0,0.0,0.0,0.33394965444457225,0.0,0.0,0.0,0.0,0.0,0.0,0.0,0.0,0.0,0.0,0.4118940996239551,0.0,0.0,0.0,0.0,0.0,0.0,0.0
random,0.026037892388976247,0.311736818964085,0.027638592833521988,0.026955785882071103,0.0,0.0,0.0,0.0,0.0,0.34439623306851236,0.023742390068741476,0.0,0.0,0.06429192429436315,0.0,0.0,0.0,0.0,0.028636047530632477,0.0,0.0,0.056119829150339744,0.0,0.0,0.7731532978078183,0.029686623132398924,0.026689144636977833,0.0,0.38726333644975186,0.14539731431106348,0.02629581961552856,0.04703118544547551
random,0.1362957455227035,0.652716456660286,0.0,0.08466028382165146,0.0,0.0404889128868536,0.0,0.0,0.0,0.3845861000017072,0.024855980711249743,0.1591421001010821,0.031404324029604,0.0,0.0789222983702003,0.0,0.013901387649546708,0.03075875264022245,0.13490624547619628,0.014913358856769594,0.0,0.0,0.09827802318986487,0.026992608591235732,0.5603653038156905,0.031079016469050952,0.013970473536484188,0.0,0.1140263916378789,0.015221689263463772,0.041293760859228014,0.0738556376301197
random,0.0,0.5726546873143852,0.0,0.0,0.0,0.47363426109106643,0.0,0.0,0.0,0.0,0.0,0.0,0.0,0.0,0.0,0.0,0.0,0.0,0.0,0.0,0.0,0.5154553658598638,0.0,0.0,0.3641713080476838,0.0,0.0,0.0,0.22231108838448987,0.0,0.0,0.0
random,0.0269850906338406,0.54923104065294,0.08593206256434635,0.0,0.0,0.013360614934912767,0.0,0.0,0.0,0.20225725673955303,0.06151520813376557,0.05728804170956423,0.0,0.0,0.015625765620072906,0.0,0.027523251310634853,0.0,0.014838880322284554,0.0,0.0,0.15994368118294747,0.0,0.026721229869825534,0.7807332139634112,0.0,0.04149005089636854,0.0,0.05016888500970059,0.0,0.01362620032788417,0.024371035545112746
random,0.0,0.3019671877256417,0.0,0.0,0.0,0.0,0.0,0.0,0.0,0.11120102560506834,0.11499159423592263,0.13386208562669394,0.0,0.0,0.0,0.0,0.0,0.0,0.0,0.06899389447853042,0.0,0.33975668643515194,0.0,0.1248763076601372,0.7681263293748649,0.0,0.0,0.0,0.11722711024075931,0.07042032803707944,0.06367931388910415,0.34167943776019494
random,0.1056374443301917,0.5058947224612039,0.0,0.0,0.0,0.0,0.0,0.0,0.0,0.0,0.09632444023058605,0.0,0.0,0.0,0.0,0.0,0.0,0.0,0.0,0.0,0.0,0.11384092151403913,0.1269523511022003,0.0,0.8042907309338663,0.0,0.0,0.0,0.19639410774014374,0.0,0.0,0.09540430846051824
random,0.07057852252241581,0.3661650861307725,0.03745869707208873,0.14613314415514225,0.0,0.06988840429644753,0.0,0.0,0.0,0.21782208598658143,0.06435631529501597,0.0,0.0,0.0,0.0,0.0,0.03599303109402384,0.0,0.0,0.0,0.0,0.0,0.0,0.10483260644467131,0.8597807616830012,0.040234400850576446,0.1446876243072925,0.0,0.0,0.039411514071495256,0.0712776621569307,0.031870778283736495
random,0.04465732692935123,0.6059442347873845,0.09480534427251652,0.046231596812454964,0.0,0.0,0.0,0.0,0.0,0.03937803399143782,0.24432200414950503,0.04740267213625826,0.05144816369017536,0.0,0.2585890606355539,0.0,0.0,0.10078111149585746,0.04911339663886581,0.14659094593027297,0.0,0.0,0.0,0.08844133336018449,0.6460133644473334,0.0,0.0,0.0,0.1245358963191501,0.09974778761414327,0.045099695317239806,0.0
random,0.0,0.2468524380521614,0.06565782682929024,0.0,0.0,0.061250405184150536,0.0,0.0,0.0,0.05454283524894582,0.1692061978375591,0.0,0.0,0.0,0.0,0.0,0.0,0.0,0.0,0.0,0.0,0.0,0.0,0.0,0.8947983668592882,0.0,0.12680466385185854,0.0,0.28749280529478866,0.0,0.0,0.0
random,0.037827762477085865,0.15096340065947214,0.04015325469852532,0.0,0.0,0.0,0.0,0.0,0.0,0.1667792296434662,0.10347859328340826,0.0,0.0,0.3736123654050598,0.0,0.0,0.0,0.0,0.04160235352727399,0.0,0.0,0.12229604852267913,0.0,0.07491576369536258,0.835225661535798,0.0,0.0,0.0,0.0,0.0,0.03820247828421183,0.2733069920513908
random,0.0,0.0,0.0,0.0,0.0,0.0,0.0,0.0,0.0,0.0,0.3375826462703678,0.0,0.0,0.0,0.0,0.0,0.0,0.0,0.0,0.0,0.0,0.0,0.0,0.0,0.8456252411207945,0.0,0.0,0.0,0.0,0.41346814691883316,0.0,0.0
random,0.0,0.8097644331181796,0.0,0.1750501973634778,0.0,0.05581202008730462,0.0,0.0,0.0,0.09940002216737756,0.10278832370402013,0.059828109526259235,0.0,0.1391700478930269,0.0,0.0,0.0,0.0,0.0,0.12334408973773094,0.0,0.06074012713355693,0.0,0.11162404017460924,0.4291314634451534,0.0,0.11554575720415276,0.0,0.10478659970217033,0.06294710080084602,0.0,0.15270966928003096
random,0.020820065913143036,0.5018570803071501,0.061879989541527215,0.04310803888588901,0.0,0.0,0.0,0.0,0.0,0.1395265957234402,0.11011049162262385,0.022099996264831147,0.04317494169549328,0.2159145887185649,0.028934152527493547,0.0,0.021235278184050396,0.028191602969829418,0.0732722158212261,0.027337356410666012,0.0,0.11667181673819342,0.03002522071073081,0.12782221869318114,0.7545434103857331,0.023737614439825395,0.03414529822652111,0.0,0.20127786249422883,0.05580510045580085,0.029436828651081534,0.0827341631920162
random,0.0,0.4525852973993916,0.0,0.0,0.0,0.0,0.0,0.0,0.0,0.5000008407235988,0.5170446358858736,0.0,0.0,0.0,0.0,0.0,0.0,0.0,0.0,0.0,0.0,0.0,0.0,0.0,0.0,0.0,0.0,0.0,0.5270963406771507,0.0,0.0,0.0
random,0.0,0.36831719932697166,0.06997502256373873,0.0682463009851024,0.0,0.0,0.0,0.0,0.0,0.05812918750963976,0.1502766702690307,0.06997502256373873,0.0,0.12208008056693884,0.0,0.0,0.0,0.03719284289844445,0.0,0.0,0.0,0.0710417193581807,0.0,0.0,0.8030602089930319,0.0,0.0,0.0,0.3370359355434082,0.11043449727241976,0.0,0.17860939679000054
random,0.0,0.274088646626949,0.0,0.35550540175528084,0.0,0.0,0.0,0.0,0.0,0.0,0.6262512958772629,0.3645105764016004,0.0,0.0,0.0,0.0,0.0,0.0,0.0,0.0,0.0,0.0,0.0,0.0,0.5229079051003588,0.0,0.0,0.0,0.0,0.0,0.0,0.0
random,0.0,0.4286048455333366,0.03081090364258707,0.01502486263366084,0.0,0.0,0.0,0.0,0.0,0.1279751495292475,0.09263625466413519,0.0,0.016720201020414088,0.17917810580677998,0.0,0.0,0.0,0.01637648773452033,0.03192284449810135,0.015880256345572087,0.0,0.015640291989579804,0.017441635341621867,0.04311398404423885,0.839794662486359,0.0,0.044628719088529244,0.0,0.1753833109398649,0.03241715428938687,0.029314009192039532,0.11796602657350992
random,0.0,0.6029720312665754,0.0,0.0,0.0,0.37403196744996314,0.0,0.0,0.0,0.0,0.0,0.0,0.0,0.0,0.0,0.0,0.0,0.0,0.0,0.0,0.0,0.4070583580273051,0.0,0.0,0.5751767641307186,0.0,0.0,0.0,0.0,0.0,0.0,0.0
random,0.04801167542642144,0.3448898262650179,0.0,0.049704193538415486,0.0,0.0,0.0,0.0,0.0,0.12700751591682669,0.08755792587195083,0.0,0.0,0.0,0.0,0.0,0.0,0.0,0.10560490833877052,0.05253394683766552,0.0,0.0,0.0,0.04754221628946481,0.8407558064654074,0.0,0.09842505918504393,0.0,0.31241039346360616,0.05362007460735672,0.048487271457769564,0.13008230332905146
random,0.0,0.5261040068519426,0.06996658823515743,0.06823807502524018,0.0,0.0,0.0,0.0,0.0,0.0,0.060103422763381056,0.0,0.0,0.1627538211168909,0.0,0.0,0.0,0.0,0.0,0.0,0.0,0.0,0.0,0.06526993179195874,0.6524077733890473,0.0,0.0,0.0,0.49017499847332574,0.07361412415006514,0.06656738258809586,0.05952928946302638
random,0.0,0.4900534523942775,0.0,0.0,0.0,0.0,0.0,0.0,0.0,0.18046479459569698,0.18661639423828905,0.13034444775303516,0.0,0.5053377968990249,0.0,0.0,0.04174813085356075,0.0,0.0,0.0,0.0,0.0,0.0,0.0,0.5297918592698847,0.046667673726522446,0.0,0.0,0.22829321498288266,0.0,0.24802377651024074,0.14786700444522138
random,0.015860789394126204,0.4388619167827053,0.04489558458713473,0.0,0.0,0.0,0.0,0.0,0.0,0.10722416810619038,0.04820833716338387,0.011223896146783683,0.018272667557898026,0.34593938937372987,0.006122812555640255,0.0,0.016177099362124976,0.0,0.040701351518129425,0.0057849114091104185,0.007528953055623264,0.0,0.012707391251832713,0.08899897954958623,0.7205294769235432,0.04822236457459937,0.05961081455953614,0.0,0.3489333377657689,0.07085415812642956,0.010678602569855939,0.09549566149762526
random,0.0,0.0,0.0,0.0,0.0,0.24230811454113013,0.0,0.0,0.0,0.43154560467526304,0.22312796485957925,0.0,0.0,0.0,0.0,0.0,0.0,0.0,0.0,0.2677494362091716,0.0,0.2637035115320711,0.0,0.0,0.5589228035556637,0.0,0.5016423796803944,0.0,0.0,0.0,0.0,0.0
random,0.0,0.4483201802984925,0.2981105736121457,0.0,0.0,0.278099265619889,0.0,0.0,0.0,0.0,0.0,0.5962211472242914,0.0,0.0,0.0,0.0,0.0,0.0,0.0,0.3072985059576728,0.0,0.0,0.0,0.0,0.4276539163133841,0.0,0.0,0.0,0.0,0.0,0.0,0.0
random,0.13947803456552701,0.445304232373058,0.0,0.0,0.0,0.0,0.0,0.0,0.0,0.2459784838832517,0.2543632835719198,0.0,0.0,0.34439466547645575,0.0,0.0,0.0,0.1573846031470882,0.0,0.0,0.0,0.3006189346322249,0.16762109806311218,0.0,0.4247769948666391,0.0,0.0,0.0,0.38896242220075156,0.0,0.0,0.2519334979661793
random,0.08757960916274382,0.41941626240179786,0.0,0.09066698475280147,0.0,0.260169761899453,0.0,0.0,0.0,0.30890454612505547,0.0,0.0,0.0,0.0,0.0,0.0,0.0,0.0,0.2889558586270608,0.0,0.0,0.09438077072143466,0.0,0.0,0.7334843733350426,0.0,0.08977012506527074,0.0,0.08141109105207552,0.0,0.0,0.0
random,0.0,0.32996899480864267,0.0,0.0,0.0,0.40936874656197597,0.0,0.0,0.0,0.0,0.0,0.0,0.0,0.0,0.0,0.0,0.0,0.0,0.0,0.0,0.0,0.0,0.0,0.0,0.629516756519654,0.0,0.4237512073853227,0.0,0.38429319445406074,0.0,0.0,0.0
random,0.0,0.37130003453279575,0.0,0.08026549656639004,0.0,0.07677419804410049,0.0,0.0,0.0,0.06836660790568753,0.0,0.0,0.0,0.0,0.0,0.0,0.0,0.0,0.0,0.0,0.0,0.5013193798555535,0.0,0.0,0.7673990492181302,0.0,0.0,0.0,0.0,0.0,0.0,0.07002172873761199
random,0.0,0.3244958226552567,0.0,0.0,0.0,0.0,0.0,0.0,0.0,0.1394135346786254,0.06178534206161472,0.09589935455117207,0.0,0.27884713956946805,0.0,0.0,0.046073525243208395,0.02548601984826138,0.17388049964572636,0.04942751278292743,0.0,0.0,0.0,0.17892381173168648,0.7910402867654796,0.0,0.18520998949734854,0.0,0.20995497260028684,0.07567412357003159,0.022810062579096683,0.08159352314288637
random,0.048563671144659294,0.3100933902266939,0.10309832402845048,0.0,0.0,0.04808881458236423,0.0,0.0,0.0,0.08564515722621571,0.0,0.0,0.0,0.0,0.0,0.0,0.14859651319517364,0.0,0.0,0.0,0.0,0.052334975635459254,0.0,0.0,0.9243718174325094,0.0,0.0,0.0,0.0,0.0,0.0,0.04385929147791829
random,0.0,0.2610021934011246,0.0,0.0,0.0,0.0,0.0,0.0,0.0,0.2883463446142453,0.0,0.0,0.0,0.0,0.0,0.0,0.3335254655366579,0.0,0.0,0.0,0.0,0.0,0.0,0.0,0.7469122409349831,0.0,0.0,0.0,0.3039720950745752,0.0,0.0,0.29532706307315537
random,0.09961725338753966,0.5565748987344536,0.0,0.0,0.0,0.0,0.0,0.0,0.0,0.08784071640100737,0.0,0.0,0.0,0.0,0.0,0.0,0.0,0.0,0.0,0.0,0.0,0.0,0.0,0.09864319386168591,0.7584548646430042,0.0,0.10210885137247662,0.0,0.2778026539540881,0.0,0.0,0.0
random,0.034344715879445695,0.48429006019095905,0.13367231166971197,0.0,0.0,0.0340088925503787,0.0,0.0,0.0,0.2422764607414418,0.02087792229950554,0.012152028333610178,0.0,0.08480286500329726,0.0,0.0,0.011676549582740217,0.0,0.03777175593391197,0.0,0.0,0.012337273428138337,0.0,0.0793540826175503,0.8106190387507471,0.0,0.0704074719972737,0.0,0.06385141058173727,0.025571088857980987,0.011561643060056087,0.06203546268138973
economics,0.03055168990485025,0.4897360188919485,0.05269855450252296,0.10806474132461205,0.015839747039299107,0.0403372731476817,0.036949757153909094,0.17938722648380873,0.2854022269027562,0.13469967486772483,0.10214691995270926,0.06621100437496474,0.05279631981968637,0.02671735851545324,0.03685627372815385,0.09910034744757631,0.04803984243427476,0.04452891506952424,0.047600351474223736,0.07243033736792179,0.09607953903987575,0.0,0.08261152092761806,0.18529934852216282,0.7075253968604763,0.04789530099947315,0.04305927993579888,0.04921225989429426,0.024849855215893488,0.014216888197238582,0.08227821358051622,0.0574836189745083
economics,0.021962289656018832,0.4207071271211642,0.029140548917448415,0.10231429098471873,0.0,0.0761163967967472,0.05312316744906967,0.18626649215609228,0.2432475385405704,0.07746382043624721,0.08010437097230616,0.029140548917448415,0.06958048689992138,0.0,0.012717303614120186,0.2208407679426524,0.04480056233730218,0.018586401001137794,0.07849974081992135,0.048061882738954474,0.10946535881068581,0.041418672995087856,0.05278742447998155,0.18485410650638606,0.739922217424584,0.03755984968385045,0.09567431744616231,0.016327646331011338,0.005103853453992136,0.0,0.09980930074141649,0.1090913727201722
economics,0.07216633124530324,0.4860035324282691,0.0670274628533166,0.1354125176795017,0.014030685805432293,0.11165732405220319,0.06857654927851844,0.1471290455245767,0.07266290916204285,0.11136122043967452,0.0493531070216748,0.023938379590470214,0.025981355399288253,0.011136923631608188,0.005223505606302838,0.035112829385377436,0.018401384101153856,0.05598397797412751,0.06944643034783213,0.04935234731237613,0.13488541269283685,0.0,0.048784293131640497,0.1965168903318776,0.7692328827508012,0.025712222672952964,0.041608875763098754,0.02011925359391557,0.03354171033686741,0.025186348106634882,0.06377104952823873,0.06110208160189411
economics,0.034536027053994924,0.4489212874838258,0.020948089819545063,0.045968783983844796,0.0,0.019541904617359752,0.020458033648791566,0.2768130468267125,0.07285911835094808,0.11311208024076874,0.053985134773660556,0.02618511227443133,0.005683966248434797,0.0060910888847614695,0.034282541201313105,0.02560555881276339,0.015096332237295703,0.027835611377301107,0.021704089617069308,0.016195291128591142,0.014051910565969536,0.03190113265117972,0.05336293494941959,0.06839666616075914,0.8151344489512486,0.03375052692962467,0.03539983219305757,0.05868678089296262,0.07796574435717306,0.022040166936535436,0.04982590778975385,0.06238102027082911
economics,0.029363734778057725,0.2999937970890986,0.03428578347379802,0.09423650194906369,0.1872532691082949,0.07850686207494786,0.012175893632557989,0.03831378491443986,0.023652629762582707,0.0932127024290254,0.04016253895827284,0.03428578347379802,0.060892100067957214,0.0036251993539805688,0.03740687240651098,0.07238770782317813,0.04192906548857506,0.05632700224738759,0.058128758118964396,0.07711088778727615,0.12544795701484915,0.0,0.04940400884547557,0.1308447701249131,0.8629661787951037,0.043522077348720684,0.14447122577191085,0.02619621272223875,0.040943326451764676,0.01311752306551361,0.06820559672351005,0.0981212605426182
economics,0.033904417180229185,0.28627917190075614,0.05871843558410025,0.06835189767526574,0.49125864680671855,0.02297093096369239,0.032063751396529554,0.048895145309670776,0.009582516246612823,0.10070336019096308,0.04881379186195566,0.020835573916938795,0.04522749326772573,0.0022030445698061714,0.0433979682148135,0.0740888052912004,0.05642092872861122,0.02617595039173998,0.023550014296997168,0.05271808369088178,0.0025411700480359547,0.017307156007936017,0.045034447537694394,0.07421377695962157,0.7852821007857161,0.026448497532833116,0.043897799590051946,0.01857277029776431,0.048104006830213174,0.027900454010810382,0.04325086604459051,0.03706641811426666
economics,0.028171340222909905,0.4422107318699853,0.03322577343835815,0.1134172763381457,0.034079820461110716,0.03719450704844273,0.025958796123734328,0.11027384747310462,0.033618000305962674,0.19044755243749875,0.09704262244487269,0.019935464063014892,0.032455227905889034,0.0038644313829351608,0.07975080956938024,0.028429090778346457,0.044696023779568814,0.04591607703192938,0.13081448704659338,0.051374715159447124,0.026745288999402296,0.04722517235178873,0.0300938566932095,0.145678485939734,0.8102874156453429,0.04996294233948681,0.0770025430727079,0.0,0.03782586983980961,0.013983166951932084,0.031611556716512855,0.0480578151473568
economics,0.043544174300575805,0.3266998431211635,0.04252340054731358,0.11179642364602521,0.04063643204640504,0.0620904938116579,0.007222367843991892,0.08863360672683517,0.02338336138854096,0.127476299879154,0.06670493256963625,0.02218612202468535,0.030099443399920003,0.0,0.036308639544736954,0.031638655366413596,0.03553005676062877,0.051099873306444464,0.04788916961195187,0.0323990399394724,0.24555924599835635,0.02440135369987304,0.050237053023582875,0.1586757064075702,0.8513737525868595,0.04964608781546278,0.07319859333378696,0.015538792478734919,0.030762683999422717,0.015561827269557701,0.04573453661433232,0.08179815287070745
economics,0.011892675520630865,0.35121439394148857,0.006311893672221183,0.012311918726371171,0.12948273635706117,0.005888194348984403,0.00821897902521659,0.20948701205354622,0.13571110483550114,0.11011086505994626,0.14097481395181416,0.044183255705548284,0.006850570320381321,0.007341252728979879,0.013772950612062348,0.06172192922074402,0.03638954949808585,0.03354872369333969,0.032698424318259964,0.01951928915236135,0.016935991042239536,0.10252979133453945,0.014292310153968419,0.11776388697968806,0.8330337077032662,0.027118429628839553,0.018285197531491288,0.026524474843694832,0.17135305047876861,0.006640948717511169,0.0180157237132366,0.06981408146897476
economics,0.03670224995115829,0.31247294800264985,0.04958360957695359,0.08174915411608971,0.23526207113305367,0.015418401348034,0.009223554050054646,0.03482841851465112,0.0014931231854840054,0.09709016720315962,0.06287659951427123,0.04131967464746132,0.041002079328750315,0.01098472874114235,0.04250500865444077,0.0851394208077659,0.021553023586682613,0.015059703417978396,0.03791819793715182,0.058413490033439076,0.019006013799289526,0.007191351483662747,0.022722208070835345,0.10903012381824043,0.8823515348395613,0.026628887004509886,0.044460278946903346,0.0033073846739293607,0.06513281828981013,0.02360004885809266,0.04605146912146704,0.0502225610139933
economics,0.019486841294307382,0.2436739279148166,0.07584430548484451,0.1412165698821113,0.5354640543904285,0.0,0.0,0.03390189300532853,0.01744082722220422,0.09737117719770297,0.029614800121903914,0.05515949489806874,0.04490023338387754,0.0,0.03761296918510891,0.04213957283401768,0.046376085499691556,0.014659076574307045,0.05000638731079376,0.021322327860814512,0.0,0.04900030126897682,0.0,0.05788889569364622,0.7616160579061954,0.04443512592362453,0.019974240543439423,0.0,0.012076212915270494,0.014508774859201124,0.052479666264487274,0.10559486531795534
economics,0.023254060756247117,0.2938746807436253,0.04525330865898622,0.02407381800607846,0.11453425951378308,0.007675560692705023,0.005356928508227693,0.11125358063043268,0.031218763195563912,0.07860256062043156,0.120155893565375,0.05348118296062007,0.04018530014597759,0.2105333156356819,0.02244217668332124,0.04525744090140079,0.019764844930837966,0.02186623348424584,0.04262405850342135,0.01696292385381262,0.005519231339495418,0.0835329972946605,0.013973064685526669,0.18805123697127304,0.8527870034418098,0.008837562933996469,0.019863070509222813,0.0,0.1801350104641583,0.03895566427123058,0.027398480420250372,0.06300429547729687
economics,0.050817158754434454,0.43602345947497523,0.040455888444860144,0.10521715276000558,0.019759895666156557,0.0125800668861363,0.017559764461716466,0.23207170232900323,0.5287239369041821,0.11202415943671233,0.13901134400306753,0.013485296148286714,0.05854469314752945,0.0,0.0,0.016483533659012447,0.06478824966112717,0.0430059026240715,0.04191590908332626,0.027801840830756964,0.0,0.0,0.030535374180599074,0.0251601337722726,0.6287223841775649,0.028969123500196956,0.104176365719337,0.0,0.01180948504427942,0.014188318880490281,0.025660272729025324,0.08031534518240636
economics,0.04852792710450121,0.34859829821440486,0.034340813720237756,0.0,0.17611761066230605,0.03203561336543761,0.04471660048990978,0.04221280831562438,0.021716377202922382,0.171164240625347,0.10324930427436367,0.13736325488095102,0.03727156562933948,0.03994119760740019,0.01873345607152892,0.10493984570508161,0.03299714279030784,0.05475807407728143,0.017790073102792105,0.0,0.0,0.06972860776493454,0.0,0.17619587350990684,0.8374802546629477,0.0,0.0,0.0,0.15036648864736185,0.018065543771545275,0.0,0.0292180066502181
economics,0.04027973171632612,0.37775954660002253,0.06680618863318423,0.09903674392561725,0.01566249108931,0.08725035305421155,0.0,0.04270253949667542,0.04055689732690059,0.19978846115228566,0.08034396102306941,0.0694784361785116,0.08700916400080645,0.009324132631217532,0.03790158389000636,0.00979913571216899,0.04878609331475447,0.03408821473642273,0.06921717051817362,0.04407372302313814,0.0,0.0054259663867292675,0.04235624821416166,0.11467189258553517,0.8529464685713934,0.031572883214312675,0.06451124490367445,0.0,0.021061517942747444,0.008434675786974643,0.027966631234646117,0.10231261912986078
economics,0.05180334922897626,0.42099233537469893,0.05498800192286662,0.11213447653829038,0.04394916853835539,0.055960161849389754,0.006509287471792176,0.04915853196489047,0.018967203299579058,0.20763304062227778,0.07300165117434546,0.05498800192286662,0.04882978564837364,0.0,0.04363174286910765,0.030551679486191186,0.02401657167771003,0.02657000171939465,0.04143452720522504,0.04637680566452342,0.006706504176212398,0.02537556231785873,0.03395777814109086,0.12591036416112694,0.8210995498119688,0.03758531247837133,0.09171652302434458,0.09803229159108014,0.0875539455152019,0.09467127179561953,0.057072550885965974,0.05954472468332855
economics,0.020106691674891847,0.26800821241612605,0.051222640247191066,0.008326198871836048,0.07818345996228515,0.01592807042842311,0.008337391036478905,0.05509392039502046,0.002699339494397915,0.1258810256449299,0.05866907008978155,0.021342766769662944,0.025480647393285993,0.00248233973714313,0.05355695471037194,0.018261590059942538,0.030761515803443645,0.02041923898440318,0.05085992332768109,0.03300084392437637,0.06299329775789166,0.008667246063673084,0.021747332278621898,0.11746951940962043,0.9062697891896387,0.03209398352926584,0.10923085054688829,0.02690661676233001,0.14765504215604597,0.07185734207452478,0.04061173073837978,0.0708199029677046
economics,0.033904417180229185,0.28627917190075614,0.05871843558410025,0.06835189767526574,0.49125864680671855,0.02297093096369239,0.032063751396529554,0.048895145309670776,0.009582516246612823,0.10070336019096308,0.04881379186195566,0.020835573916938795,0.04522749326772573,0.0022030445698061714,0.0433979682148135,0.0740888052912004,0.05642092872861122,0.02617595039173998,0.023550014296997168,0.05271808369088178,0.0025411700480359547,0.017307156007936017,0.045034447537694394,0.07421377695962157,0.7852821007857161,0.026448497532833116,0.043897799590051946,0.01857277029776431,0.048104006830213174,0.027900454010810382,0.04325086604459051,0.03706641811426666
economics,0.026973386958327836,0.3337015266895276,0.047719329477289206,0.11169703484461198,0.04195364913139033,0.05341928126617903,0.0,0.014664525166651956,0.01508832853003477,0.12090531071859964,0.21520984952952651,0.047719329477289206,0.08027736060886342,0.01387537860832502,0.05206329528521279,0.02041513272984498,0.038974361825856375,0.03043630357420093,0.06674600055139762,0.046730562261484594,0.10883390179827758,0.14776262185945738,0.04051989937447841,0.16248364718462788,0.8402933115372212,0.03587874502870548,0.055296075052892406,0.0066843656331371975,0.07731015306882001,0.03263458854460795,0.03405072630688097,0.07511143562684348
economics,0.04472159243102433,0.3432218537897699,0.04381928161061765,0.12464880565762067,0.048156029904935234,0.07834915286345108,0.009509817897248871,0.026932019582099762,0.018473568234182672,0.17897287905207745,0.22271571578266955,0.05842570881415686,0.07530167948754078,0.016988479074124468,0.039840183259581836,0.02231741259145824,0.08420948344751397,0.05046307182910507,0.037833903680686405,0.056462270056045684,0.029393831684019624,0.20019267542505775,0.05787950458004802,0.13966588119136933,0.8119527905318125,0.04706630713590847,0.04584015599100149,0.020460199481370442,0.07994558560012954,0.03073579468921221,0.0799065954402775,0.06524440934597045
economics,0.037816670071604115,0.40813782919021097,0.05759429793432098,0.07489525353175906,0.06393368195105821,0.016281259958245874,0.01818083115738217,0.13086666883126377,0.015451490501598629,0.1304846015614421,0.06446774986824068,0.05061317091197904,0.041673049699648836,0.00405981314527497,0.06664551270374681,0.014933218501409074,0.03689385053265542,0.04638225739040335,0.05967283005595972,0.04317773525183698,0.004682917316694632,0.04606905600889654,0.03359133254520661,0.157928221594985,0.8387362801289355,0.05623823403383685,0.04213318446390301,0.04156045899102491,0.11004454456231237,0.04407042540958029,0.06143813965076329,0.0757313548883269
economics,0.03301872501336699,0.3225765032318893,0.04065635022053091,0.015040391673632391,0.030813838976546607,0.02092535503993992,0.009127641895332293,0.11890856706511246,0.06737841306021937,0.13043664483955672,0.0770759475862852,0.01682331733263348,0.053255625461471834,0.20871365405026474,0.02753215565557936,0.013709139913546652,0.012123796965484176,0.031296517168634,0.05664898652407808,0.03901909782195925,0.007523351058657522,0.007116571413808891,0.02539587236656951,0.1830968565994743,0.8346291735635886,0.033128207898087784,0.02707566386543463,0.0373121141101319,0.20011906608494798,0.08555173799710304,0.07469459930054058,0.09661741452981581
economics,0.021548953031889934,0.3095919732587219,0.02287369230734086,0.14500590942669067,0.03351663682597336,0.04267649386340068,0.01489239260561998,0.3514632751230226,0.07232410597729409,0.16151259912293378,0.04912298975787379,0.0,0.012412902195092043,0.0,0.0,0.0698982196808947,0.03296805212694011,0.0243154660999035,0.0236991855576537,0.03536800818541134,0.07671799228117866,0.0,0.025896974965035586,0.06401474079510103,0.8285385701878484,0.012284320827486029,0.0993956815103706,0.06408142127600971,0.0,0.0,0.03264362030718614,0.029192247717054125
economics,0.02945531551037622,0.3631006132949368,0.05558418630901908,0.09825741575918888,0.025452206195476446,0.019444867224915213,0.0226182745787007,0.24768113393282307,0.07030043995100856,0.08657723865642421,0.07759131738529655,0.06948023288627385,0.060327913742740935,0.00808112391898102,0.026531794815720496,0.046710421458510835,0.016690410893649813,0.03323686884901522,0.0611895610551469,0.014324330399177241,0.004660711439711876,0.0,0.05113136470661064,0.13287325937025396,0.8447263579341023,0.037314372357344076,0.07380277265526766,0.0194651218269281,0.04563446894978362,0.051171689703269775,0.08263081996555252,0.06207126072263574
economics,0.047498721890416276,0.4155702487946937,0.05235792661239764,0.043499331415105806,0.011365873706204037,0.025326149920371823,0.012625450341091011,0.18831262231620852,0.12017705200342774,0.14337052913189863,0.0666326637195865,0.12216849542892781,0.03788421000247647,0.1578800360500598,0.04231418609766066,0.023703283277094818,0.022359684759538558,0.04122825900372282,0.06831164435702879,0.025986338827857225,0.0026015945925269303,0.0,0.01317293923404146,0.2550705099123162,0.7441449443713604,0.027077396184116732,0.037451343239038454,0.2281727764527378,0.10019387185998854,0.0224430467075698,0.05350414861075701,0.0824952004370804
economics,0.04323667493395423,0.4058360496783519,0.04222310966007262,0.03401825639781883,0.005379928868671958,0.018838118573448005,0.009561820097711424,0.060928404730000135,0.06965469972451535,0.10522590641974235,0.05834889166943693,0.033044172777448144,0.059773775522393414,0.24127444408909526,0.020029019961474798,0.024683395119313785,0.028223321061323883,0.044884515266584796,0.06847342105765633,0.03595497976909858,0.012314402055406081,0.016773948495267758,0.04364700376906178,0.20893186054187787,0.809808950618179,0.0650700574653117,0.04786354601944196,0.018000571107482044,0.12218177880676052,0.02897237451276491,0.07335715055560182,0.06716311596878313
economics,0.03584487058982693,0.4541839294565986,0.0608775406920078,0.08998806843608309,0.004181407936114036,0.028395502974038943,0.15606512646194726,0.11341814080119024,0.013233557273009811,0.10114357518893442,0.04494157857868198,0.04851179023894372,0.05161954645415897,0.04867884925290426,0.044625480097686944,0.11743250642224977,0.014623888351203648,0.04145790065774119,0.05321916203959764,0.045104308184017096,0.08039677360339371,0.00772569447390752,0.04523131126889317,0.17569717465186596,0.7989490752195505,0.06028010616552325,0.070727218380242,0.031978216056967684,0.050813303783090666,0.03803042462764942,0.06334990232348635,0.06879170178098842
economics,0.02769594499021321,0.4700124576443551,0.0643968797899904,0.04437377984812335,0.0030769639726658444,0.007182773053728168,0.014583278786500864,0.08173993103501384,0.008852863911649848,0.08780215000500821,0.05171112150641242,0.020299016455540452,0.02355080442615039,0.04070591328177946,0.034365829549234964,0.03165691227174785,0.016141875518163092,0.023066676013766448,0.03698659232600949,0.027418498171768665,0.0018781398983445505,0.022740362981306342,0.044379028096825,0.1443084404430841,0.8374485244329385,0.04210269499734722,0.028388667971242235,0.01568782895151778,0.0993030263959281,0.041241597271406846,0.057938471575166454,0.06848805612490479
economics,0.03586137491629336,0.435953116695719,0.052706744135665125,0.04283719381144079,0.004290598167775789,0.013657969870913802,0.007625737959239907,0.04319252508623215,0.003703398741388346,0.07297366261639845,0.09306875752445914,0.04392228677972094,0.012712200377758588,0.047679558011277566,0.0670888425249943,0.0,0.011254324414902211,0.024901757258893584,0.04247357982937841,0.03320239698605814,0.00392839029555589,0.026755101949118242,0.05967314830635385,0.11472694691567595,0.8569173279893973,0.028306167016460944,0.050896148224840516,0.0,0.0794924441015387,0.030808044749302637,0.09193447661678703,0.06726628611131287
economics,0.02625681109597558,0.3842150982377212,0.0510967778652453,0.02718242195934256,0.013613035714691793,0.013000035732032915,0.006048657968582718,0.028549893842239993,0.02349998641723126,0.09646994783556682,0.023942008888009784,0.018580646496452836,0.04537434755280557,0.09184600101774944,0.035476126079933785,0.017033814565285084,0.004463407962420893,0.009875910586018383,0.03850241431806648,0.02872996840854923,0.018695755919170536,0.02829583383182632,0.01577737857166121,0.21666726220054858,0.8562863685986138,0.01995747950769438,0.0672838471887019,0.03253394280756557,0.1342410194129433,0.05864790834367348,0.08838968965489931,0.0711399140959926
economics,0.02000437999504214,0.41513510127962283,0.049546385925725155,0.05522554342923596,0.0,0.039617553522723364,0.06451640788738425,0.13050851982383027,0.429696651082516,0.0529185159247407,0.07904343428665417,0.021234165396739352,0.01536423676729232,0.04939417004202041,0.05405667156312014,0.06056222355879604,0.013602216754623272,0.0,0.029333985910543627,0.014592409392732486,0.03798349102228121,0.0,0.05609507632988094,0.19148484202649624,0.7209204799287204,0.05321779207099975,0.08885380301528298,0.04957352606762383,0.09917549936784373,0.029788208480022855,0.08754434089305314,0.04215528045623979
economics,0.0622275915124375,0.3768901555082469,0.04662570558494679,0.15157941697908964,0.0,0.06524378349819744,0.020237756218082086,0.05731378378137247,0.009828357767756268,0.12265322535792297,0.06007934426488521,0.04662570558494679,0.05903903646142746,0.09038256613661905,0.025435058542741897,0.00474934809818964,0.033601017962599934,0.07434692320122327,0.060385487483122655,0.040052279628625884,0.010425457254875809,0.003944705517393464,0.030793210668451435,0.2319778968824798,0.8305112365825063,0.05425407888333858,0.10130401599024662,0.03809851745136522,0.04083155213868704,0.024528211008222067,0.06654071451250505,0.09917573495421053
economics,0.022606156629225063,0.448077114540503,0.031994517798504055,0.15602049213782057,0.0,0.01865426097566624,0.010415347768971768,0.15239858684419424,0.03540710448933869,0.13621365436238878,0.08588831817172508,0.05199109142256908,0.05642817295722067,0.032560729257461805,0.02618027190288182,0.41063380477383393,0.026899820161275224,0.03826259454602525,0.07458564226882079,0.04122575811042908,0.11267454739494868,0.016241120553918114,0.11319789554979481,0.21265857512259517,0.6655162201522815,0.09450464045862424,0.08110051352568391,0.028010538072797565,0.014009287422596545,0.008415618314217943,0.06088023900369249,0.05104072599058928
economics,0.018149016230888576,0.2723340538969109,0.05008832828504547,0.08642852292480739,0.005645694107358108,0.032348798607164206,0.03010250471653179,0.06630631378117308,0.043857359907611804,0.10562295908573538,0.059576391921812834,0.04623537995542659,0.0752718767431495,0.14788278668401858,0.042036882915357045,0.03767671263832201,0.018510960053516188,0.016383228948736187,0.11975994454343307,0.03574528490519059,0.005169090433495387,0.0,0.03053542627273407,0.2695733217263684,0.8622493121183579,0.04966143929206376,0.07441181674291239,0.032382494493785836,0.07423117548497604,0.012161436930170143,0.09897550651709083,0.04261637830871509
economics,0.03805890987530894,0.3994598274058044,0.04241854267304496,0.03152045673061346,0.002959788019388765,0.009421692270488061,0.007890706715535937,0.1514606959601521,0.09707934471887167,0.1359166536977824,0.08328872125455679,0.040398612069566624,0.03507708427299675,0.204393086891588,0.0440761614282869,0.03950447210078904,0.015527165801597255,0.02147250800312301,0.07115616160412414,0.03331497566508493,0.016259554604196633,0.030760835323332205,0.02058219652947754,0.24684833748678722,0.7823755801540756,0.023865690570528557,0.03706028692541092,0.0,0.1733536526758777,0.05525610259427448,0.04227950693103485,0.10827220973944414
economics,0.036013206154262824,0.3334346959945111,0.06116343529855065,0.03728275159598515,0.044811144182273915,0.007132213658683661,0.0,0.08458202068589639,0.04351321646421811,0.16830575347986357,0.0919471826301513,0.05734072059239123,0.08297914150409097,0.2134143537344753,0.04170702453659226,0.08410740298381592,0.011019424061994413,0.024382007574017518,0.05941010131068929,0.05122692747100056,0.015385587602374105,0.019404940176617886,0.012983922190661723,0.2781563326886628,0.8088704705986227,0.00821195865563699,0.029531166456447943,0.005354732157186153,0.15399272037543782,0.032176020248258524,0.04364393670558089,0.05529181045266576
economics,0.08741581304181431,0.13954394914263032,0.0,0.09049741445509339,0.0,0.08656105944735033,0.0,0.34218031367464524,0.11735643058242845,0.0,0.0,0.0,0.0,0.0,0.0,0.0,0.17831827385868612,0.09863849234197888,0.0,0.0,0.0,0.0,0.0,0.17312211889470067,0.8652239477780529,0.0,0.0,0.0,0.0,0.0,0.0,0.0789478129147117
economics,0.04971009690675379,0.35709036465644095,0.03517737681672906,0.0814822728966747,0.01932942243344668,0.0574280356650986,0.022902962029546767,0.2864725391539221,0.027806751690017048,0.12419484977887353,0.0528822600435931,0.04397172102091133,0.08590392815357555,0.005114273682451147,0.052771989733851346,0.04837330986064291,0.046476338213508155,0.06076634855072443,0.07744966291385252,0.05439234446622709,0.00589921750899794,0.09821245367317197,0.05974031003727102,0.22561014011288735,0.7948022398857757,0.06612205931072392,0.0721840279592291,0.03695647831287672,0.09241770462718155,0.06476970989673636,0.06693668964204706,0.05985955010511043
economics,0.0582054382693057,0.412160215160503,0.03485232359387908,0.1529608616750602,0.004642620783982713,0.05763630431233795,0.03300557000062856,0.10320924245633147,0.012021733540984037,0.18292584196225814,0.09662197566411274,0.03643652012087358,0.08940863300289913,0.00737020468403816,0.031111351827598187,0.019364170047182955,0.06393285541426567,0.08420257741981894,0.06729612538682063,0.0506236924765564,0.03613091196726651,0.009650075780377272,0.08788563582798656,0.18916530646100663,0.8022298833345896,0.04424123848284395,0.09025677172946792,0.028848170371048955,0.048556522196149615,0.01833463186267572,0.0678253985727197,0.09165538191925815
economics,0.043193627806520224,0.3895732583823394,0.04584899092879475,0.0804893382848326,0.02687286262576132,0.05132553556439684,0.011940375245215466,0.152169358581153,0.02899389599484948,0.15234948089656086,0.043324242185234674,0.022924495464397374,0.07464282974027907,0.03732830955008447,0.00500226968694298,0.011208554515913424,0.039649530192106514,0.048738942959642165,0.09975765307196767,0.018904832849594017,0.0799639206541242,0.01396437340246216,0.046718087262486975,0.23096491003978578,0.8221572071453123,0.03939713495263243,0.09297534614842135,0.012844749607150787,0.08431785480285206,0.03376745067703728,0.05234579642804301,0.062415113760631746
economics,0.02388236250314944,0.2401811079054161,0.04056088001387261,0.034613976297545326,0.022287573861608633,0.014189304166668991,0.013204001817454243,0.037394032078430686,0.0,0.09265978076349435,0.03919840531314507,0.055771210019074834,0.04402247173688552,0.0,0.033189900659574875,0.024789467861733885,0.009743458326451617,0.016169067006779007,0.03677160349978772,0.05749010948068912,0.006802026620825529,0.0,0.02870120617622053,0.1087846652777956,0.9382577612127466,0.04356645673472398,0.05385534277175709,0.0852245061019453,0.08436094869691134,0.032006566265690324,0.02411893739300351,0.030196417670351156
economics,0.03547615637597515,0.38462183146149936,0.0486403972150038,0.1790430019029999,0.004598218172809277,0.0541576242730958,0.016344950281576134,0.0810062211668223,0.027782431049344858,0.16553519530450655,0.0903064415470624,0.02353567607177603,0.05960332912128806,0.0,0.015406899465909271,0.05370111230593249,0.0512601757029638,0.0667178026730056,0.11054560436493915,0.027495866405260923,0.010525103342570017,0.020708526014741973,0.05151647977355055,0.16540031196918445,0.8271948764477491,0.06909778836334479,0.09393897904214425,0.017582930971311,0.0755733337684621,0.039620241009444494,0.058219813513153446,0.06007419150734412
economics,0.05842251217425665,0.13989187626264227,0.0,0.0,0.0,0.0,0.0,0.0,0.07843269147596468,0.10303185741065984,0.106543959251038,0.0,0.0,0.07212749161264774,0.06765932303565987,0.0,0.1191752517409898,0.0,0.0,0.0,0.0,0.0,0.0,0.11570251132847938,0.9341028568693949,0.0,0.0,0.0,0.0,0.0,0.11800247260186766,0.15828930947314168
economics,0.019146371391239512,0.22922857284474096,0.0731642760780919,0.10307088206834748,0.0,0.018959157783104606,0.0,0.019985739850071144,0.030844988707110808,0.12155708615246268,0.0139667408154512,0.03658213803904595,0.035292596924764164,0.004727560286402003,0.026608178499206894,0.07949437300591385,0.007811282142991779,0.025925321409957087,0.033690985000356,0.04189957746186265,0.3217359063541849,0.0,0.023009614427969102,0.12892227292511133,0.8804781751143167,0.004365876495328889,0.047100611773057,0.0,0.003559565975574444,0.008553168397813964,0.038672064610659994,0.038041642659204906
economics,0.040970476875212276,0.25070824274064946,0.0724819500002129,0.04241477711161206,0.0,0.040569866720625715,0.0,0.0356388370599213,0.03666879601470517,0.04816938053905037,0.024905677944078997,0.01449639000004258,0.03146711406880121,0.11802347714058256,0.0474480577205732,0.14175542301619043,0.0,0.0,0.04505865934248861,0.01494317673746322,0.019448262592415916,0.11773897969398384,0.06564968066725523,0.1487561779756276,0.8734222036940724,0.0,0.06999203102625419,0.0,0.253898615231071,0.030504247244534693,0.013792107970675442,0.08633718933196169
economics,0.048806317131526195,0.33946800267243804,0.05180672485892544,0.12752014051147562,0.010844568004830791,0.02761662169819762,0.032123661492816445,0.03638997464393341,0.006240273567078597,0.11886282342070087,0.06569571515452448,0.05427371175696951,0.07497076263639972,0.005738618309535105,0.02422404544868391,0.30154815380467936,0.056891035558849994,0.04195977491157934,0.061344443542715864,0.07120458226761084,0.08274233965330284,0.005009187119918849,0.05865417085555125,0.14498726391553748,0.8228200646850635,0.050346039842285424,0.061938248229078445,0.0345567354347123,0.05833122261655523,0.025955971896017883,0.05163691736489167,0.07136508080819053
economics,0.024319146456275677,0.31445199566780635,0.05162837121551064,0.08559993115871224,0.0,0.03130575935311176,0.006722744744479409,0.10788747012196233,0.019589189577551465,0.11794304158019601,0.04656785467210954,0.03872127841163298,0.03922414795525232,0.01200961045166897,0.033796909954071794,0.03155355230366891,0.027284554553635838,0.043906087157816576,0.0722136570518717,0.029270772354783335,0.010389643083019588,0.0,0.04968440713705284,0.1661613381049778,0.6739767106163537,0.027727026633489228,0.05484030183976029,0.5930183627954845,0.04521253897768802,0.019011961258460736,0.039296076893755943,0.05930102422252012
economics,0.057755008137815644,0.5406020486171793,0.055732312605009895,0.09240427327041896,0.04899846485530234,0.11438055699163467,0.13788558410803725,0.027403164620939578,0.07753656194985013,0.14352249111625148,0.052663322789209495,0.06687877512601188,0.03629320895867419,0.006482127444645447,0.06080571290221845,0.06812349099474538,0.07497230347715808,0.047396183864252886,0.017323094149859716,0.04021500925880417,0.022431032493365456,0.028290947013708007,0.06309861498890061,0.12997790567231213,0.7395437488947547,0.10176556708096852,0.09687200682936824,0.0,0.004880648559398448,0.0,0.08483944738258004,0.09009499535517951
economics,0.0,0.10717770960300761,0.0,0.0,0.0,0.0,0.18560161775004735,0.0,0.0,0.0,0.0,0.0,0.0,0.0,0.0,0.0,0.27391720371911493,0.0,0.0,0.0,0.0,0.0,0.0,0.13296765856746942,0.9201341438709496,0.0,0.0,0.0,0.0,0.0,0.0,0.12127284369337939
economics,0.03305876180829426,0.3579351539804035,0.042719570618894885,0.12945659209161578,0.0022355943652842317,0.0597778925086119,0.011920056001176437,0.005626311409816479,0.0,0.20151954661671304,0.10353911455528438,0.030513979013496347,0.05298901910381139,0.007098054667515792,0.014981271587400185,0.03543335532850761,0.09382413645164606,0.022706134567806683,0.08536105106126737,0.03931804585146545,0.004093735589289486,0.01703852317277938,0.08118568654982508,0.15229129758146365,0.8481167250891506,0.07374392218789258,0.061878085071741966,0.012822891365970934,0.04008303282762429,0.019262850135230245,0.09580398343683075,0.061010798263540125
economics,0.030426762282357186,0.20845039994210332,0.032297272044970564,0.12074759718806444,0.0,0.0878769756173662,0.003504634996699202,0.0,0.003404014380031243,0.1184981774451707,0.04855258957707625,0.029605832707889683,0.02921135145678821,0.012521463385979818,0.011745781215586296,0.08224593367495173,0.05689485969940718,0.04291629074226949,0.06134856703549826,0.03606708277002412,0.3141411241811867,0.013662337720599072,0.030471747278827673,0.08285543415351669,0.8841687298387798,0.008672628063762252,0.023390840757888467,0.018850395432545995,0.02121277947803329,0.008495252712751993,0.0537742886747739,0.06411839295724214
economics,0.02595272705031432,0.30424390834470166,0.04476581181628732,0.15280957894595748,0.04036614335284532,0.07227832713293236,0.026903734013049428,0.008465775978980215,0.0,0.11442325797674337,0.041413282595974495,0.02926995387988017,0.050454968024187065,0.0020025511495718,0.033812940637601915,0.126274075635827,0.03639666169478116,0.03843604875785533,0.06600426319942883,0.06744345060301687,0.14783390065030386,0.0069920338899322155,0.054581304389966945,0.12688861874448126,0.8793022572547325,0.012945416505485358,0.06151677619972862,0.036176807658691176,0.018093593746947207,0.00905760908897856,0.06552452660637045,0.0512721067686827
economics,0.043321860285305956,0.46334332232337244,0.05058361726295285,0.07175848320860942,0.0,0.05576773573280313,0.13173405982217398,0.050873705427773065,0.08142392317027533,0.13752159600840605,0.039502602208799385,0.0551821279232213,0.06987346618364178,0.016045341075299934,0.030102722020647527,0.0,0.039767241016536406,0.06354872975365354,0.04764467229961607,0.03792191436643091,0.006169332009877069,0.037348881566398526,0.11453880311918208,0.1458540780704082,0.808106052671672,0.05433188264698763,0.08881082829783801,0.0,0.0322164480609047,0.0435441842842737,0.04812609972799565,0.04695030798538408
economics,0.045011807324756584,0.3755974360627037,0.021717702045454916,0.24146533503860826,0.044551883068132674,0.024311825977633837,0.062214948965435196,0.005339216484322054,0.0,0.13711301110762744,0.04477479644198124,0.03909186368181885,0.08957040162355344,0.005051895601792097,0.047389397415859104,0.12742215297949366,0.15859636064394603,0.0369385783988771,0.08550561082280478,0.12089008946210529,0.01165453115658767,0.030868272309271614,0.06884694347175857,0.12155912988816917,0.8131477248720642,0.060650179388737686,0.03355463974972991,0.018252862658404506,0.0076075415676948605,0.004569980200420572,0.05372272116444042,0.0665206329896422
economics,0.07342164597157431,0.5925350045800011,0.06061634514559921,0.08445546882012189,0.0,0.03231276783413544,0.0,0.031933507698994855,0.010952127664170246,0.12229025032965248,0.059510034482042805,0.03463791151177098,0.05639102800642463,0.0,0.01889552760751457,0.010584772740691917,0.03328261588159133,0.009205301791893312,0.017943983009328167,0.017852735527103133,0.0,0.008791482655583634,0.07843221069941306,0.0807819195853386,0.757768617712684,0.01860229700073868,0.00836200522064252,0.012129909821088391,0.07583368831230734,0.01822183689846701,0.0988652655138922,0.044206177108035496
economics,0.055795077074815264,0.45646844403673315,0.0,0.10108346039533805,0.0,0.05524951167853758,0.15423899101349525,0.07280138573947666,0.03745266938396882,0.25829529243173976,0.08903331391278657,0.08883768668842101,0.0321397904423648,0.0,0.08077060115851863,0.018098218269427657,0.09958863621625301,0.07869775060222418,0.061362511804763334,0.04578785660183535,0.0794560419899533,0.030063975091493403,0.06705308197759786,0.08287426751780638,0.7646515351975446,0.09542059324650565,0.07148825929511127,0.04148029644256328,0.03889893558060937,0.031156340295390134,0.07043471780837277,0.07558528291141221
economics,0.02663827644559812,0.3153812647619861,0.04712647664078936,0.09652067183196376,0.11048647371724157,0.061548215954764035,0.02454613738172834,0.040550543119460845,0.029801749932703892,0.17616867614034984,0.07286953268131532,0.03298853364855255,0.06137807617394643,0.0164435933118937,0.09769130082833072,0.028802143289890156,0.07245205505442368,0.045087255996677365,0.08300629689729244,0.05829472878049051,0.0,0.07655179360161536,0.07469744880284394,0.1362853353284061,0.8552056673939976,0.0708659932156355,0.1456242417403167,0.013202641542499316,0.03301607409784281,0.029749979723438832,0.08519014477398901,0.052125270963064345
economics,0.016306407081027787,0.36256498880853694,0.03956310083188017,0.06029015757053358,0.5108737777522488,0.011533544786835293,0.01609898673024363,0.048632207885151844,0.0031273546252488663,0.1376246883395344,0.05310297553956953,0.0692354264557903,0.04293953897448264,0.005751893509138011,0.05395574035646099,0.009067371839383746,0.009503773687572499,0.03154263063956381,0.030743176109896676,0.040782457426374916,0.006634699862744915,0.020083099678015064,0.022396135656978428,0.11764215682572,0.7289491598891572,0.02921513494196145,0.02626526292927766,0.020782005513103063,0.07362405431729285,0.05463363378784362,0.0305833092680458,0.08204931301356282
economics,0.02493545263537461,0.3582455246925731,0.02646837970651083,0.05162896536097953,0.0,0.0,0.0,0.0,0.0,0.21987637169172006,0.13642284886168596,0.0,0.0,0.0,0.02887783804751586,0.0,0.0762982128250318,0.028136733712488125,0.0,0.027284149771599302,0.0,0.0,0.02996678268705158,0.09876653309326479,0.8733136847999788,0.028429696765147998,0.0,0.0,0.0,0.0,0.07554737780646627,0.11259973345209028
economics,0.0,0.8213380026283149,0.0,0.18527176149164679,0.20876542926287345,0.26581952739133424,0.061840268584748496,0.0,0.0,0.15780631050377555,0.04079638458049233,0.04749120283321885,0.05154424987231592,0.0,0.0,0.11610020748529232,0.09126597953895807,0.05048466670875752,0.0,0.04895490790530738,0.0,0.0,0.10753650738202776,0.04430325456522237,0.2725136332598953,0.10202063825073734,0.09171954513274053,0.0,0.0,0.0,0.0903678498068937,0.0
economics,0.059133838029296934,0.45310443496743263,0.05021531074971729,0.0,0.11037013466524136,0.011711125232125896,0.016346860674041664,0.0,0.031755060858099954,0.17728675471318117,0.1401935468595822,0.025107655374858644,0.013625210408910533,0.0,0.06848311208578213,0.06137987299937019,0.0,0.026690240251221093,0.013006885282255739,0.025881487165337648,0.0,0.05098079118896744,0.028426207449891366,0.035133375696377686,0.8104080575172241,0.013484071120067175,0.060612876515754685,0.0703399442342254,0.10993769709832658,0.17170777784467572,0.03583176506215094,0.010681104526094571
economics,0.06308117835307495,0.4531409589345843,0.06695914469243142,0.0,0.0,0.0,0.0,0.0,0.0,0.3893670018664497,0.05751993748498023,0.0,0.0,0.0,0.0,0.24553928290034724,0.1286783986269354,0.0,0.0,0.20706858741909595,0.17966390652267958,0.0,0.07580933023321235,0.2498574772423623,0.6243646803242746,0.0719208429215344,0.0,0.09379415228777754,0.0,0.0,0.0637060504870096,0.05697048272806135
economics,0.03757640467344499,0.37626397402722433,0.06526872731632159,0.035364596665640284,0.015939623273768345,0.013530538845726173,0.009443235768201396,0.0846876153699717,0.013758170414005266,0.10542700987266486,0.0965612415171768,0.0362604040646231,0.039354979787345916,0.0,0.01978062291168687,0.0354578547962875,0.017420812161033784,0.03854596861562161,0.0,0.04859136063946069,0.009729344477539913,0.03313184075537937,0.03694774272993211,0.07103532894006241,0.6996325345145356,0.019473656936495352,0.06302659886157432,0.5333199177348416,0.13336823441815315,0.06867135181198013,0.04829825708920526,0.06170248240072386
economics,0.01920810893791366,0.6132472566436467,0.05097235733466016,0.21873761147581108,0.02987575361239357,0.019020291658794104,0.07964786941386921,0.0,0.0,0.20324841239109784,0.017514720779778,0.040777885867728125,0.05532249693202018,0.0,0.02224498055917401,0.01246104732986272,0.00979558706460804,0.04334819617750407,0.09506143605487875,0.12610404842166403,0.0,0.0,0.19621237663912602,0.047550729146985264,0.665412851886651,0.021899771402670208,0.04922134153452508,0.0,0.0,0.01072593515191491,0.04849595353584018,0.05204223828989977
economics,0.043321860285305956,0.46334332232337244,0.05058361726295285,0.07175848320860942,0.0,0.05576773573280313,0.13173405982217398,0.050873705427773065,0.08142392317027533,0.13752159600840605,0.039502602208799385,0.0551821279232213,0.06987346618364178,0.016045341075299934,0.030102722020647527,0.0,0.039767241016536406,0.06354872975365354,0.04764467229961607,0.03792191436643091,0.006169332009877069,0.037348881566398526,0.11453880311918208,0.1458540780704082,0.808106052671672,0.05433188264698763,0.08881082829783801,0.0,0.0322164480609047,0.0435441842842737,0.04812609972799565,0.04695030798538408
economics,0.0582054382693057,0.412160215160503,0.03485232359387908,0.1529608616750602,0.004642620783982713,0.05763630431233795,0.03300557000062856,0.10320924245633147,0.012021733540984037,0.18292584196225814,0.09662197566411274,0.03643652012087358,0.08940863300289913,0.00737020468403816,0.031111351827598187,0.019364170047182955,0.06393285541426567,0.08420257741981894,0.06729612538682063,0.0506236924765564,0.03613091196726651,0.009650075780377272,0.08788563582798656,0.18916530646100663,0.8022298833345896,0.04424123848284395,0.09025677172946792,0.028848170371048955,0.048556522196149615,0.01833463186267572,0.0678253985727197,0.09165538191925815
economics,0.0342502036447148,0.15035464866523365,0.018177881275103898,0.141830397341244,0.0,0.033915304458197605,0.023670174543732537,0.02234482339589785,0.0,0.19630791953911658,0.031230703419410758,0.0,0.019729238231419678,0.0,0.019832642471132995,0.02221943919902534,0.01746662583322483,0.05797100660102091,0.018833906463165496,0.01873813360469075,0.07316198206814435,0.0,0.10290252443145705,0.169576522290988,0.9126964898240081,0.05857460768823819,0.0,0.025462974063032696,0.0,0.0,0.05188422108337646,0.1546618726946065
economics,0.03950759203811993,0.509386599288304,0.06774333968329158,0.08180064467480887,0.1323516922431016,0.042130615693564494,0.046205980596830225,0.1546484527881389,0.04079943029813439,0.06967417931924777,0.07204920020660927,0.051613973092031674,0.0980330228058812,0.015007826513419033,0.0633515337556015,0.07886188161744202,0.08059097514978053,0.05143809682665393,0.043449802561724225,0.07315652329977483,0.05193372809344805,0.01637524209095844,0.010956739223470778,0.16852246277425798,0.7612517149412833,0.09008770588519548,0.06230114542370753,0.004518696507594497,0.022599965050957703,0.013576185143917473,0.07672874609630687,0.04391443433265036
economics,0.05306778831449865,0.3865047840081197,0.035206358388403344,0.17855027328750198,0.05158759295238393,0.07882333560462497,0.08251859190208642,0.017310705217972403,0.00890549146484866,0.17547835784635427,0.07863265893671935,0.014082543355361339,0.06877976143140171,0.0,0.023046749224313667,0.5078002891502482,0.06765764168158182,0.0374254843683256,0.021886156612894288,0.05080801288806189,0.05667914587218157,0.01429721715330218,0.10363518232275357,0.11166639210655203,0.6515172055568641,0.10588245642537107,0.05439510451659347,0.04931590084293937,0.01233251263537771,0.007408351050547062,0.12728448981806956,0.0718906398830814
economics,0.018367884802077985,0.36814261194007797,0.07690509106847052,0.02324103650677457,0.057137785140791125,0.0020209203612905754,0.011283528414068229,0.09719709076144506,0.00821967758735675,0.07828295307400042,0.06327237880253225,0.010831702967390213,0.03761956545962014,0.010078530862307132,0.02127191394301582,0.017211944033658548,0.009367096748202255,0.02533178229783238,0.05835757438799522,0.025680746665933042,0.013078568062049455,0.006598092640952721,0.031884737964297714,0.1232761420387251,0.880261544668362,0.04886421245863777,0.036608633122519676,0.028828112491869836,0.13564483189019505,0.08661254232974627,0.05049677074618258,0.056216859293642854
economics,0.020067730993543396,0.28539914617828527,0.04066632999352882,0.03588437253703649,0.056750519335423674,0.023484509823879663,0.01512951944858053,0.028564761068299607,0.024491899924165277,0.10938954200007982,0.05489567549388125,0.04453931380243632,0.027322855947498167,0.006756899220649795,0.061270440665401556,0.011835197809698819,0.029771548410748968,0.043229608717250984,0.05617859373210265,0.025950283492983034,0.09872342814315534,0.005898035157771388,0.02850176797193345,0.14271355969896105,0.8931239515787682,0.014559906866066761,0.07853869910019254,0.008137721177205272,0.1848471061107773,0.05093615362197385,0.042375448294450724,0.08897119984930002
economics,0.0751617835332179,0.40494110392377963,0.03989120741192226,0.19452850802680297,0.0,0.18606712522011445,0.0,0.24517763406490273,0.1261316220248434,0.14912171883683484,0.0,0.07978241482384452,0.17318258876444123,0.02319838153832691,0.02176128346228136,0.0731405583728995,0.07666072666608158,0.08481125727108965,0.041330849163805194,0.10280169108057353,0.05351778455693544,0.12149792274387838,0.06774561704714714,0.24188726278614878,0.686710204316604,0.021423580568432066,0.09630213545723462,0.05587828219914637,0.0,0.0,0.1328360673909011,0.08485104436822767
economics,0.02075392970517148,0.34313207475559176,0.04091247509163164,0.06752601990157453,0.013834319937438722,0.04403785148402038,0.6433839931801353,0.12766151834418873,0.03980331027739002,0.08627352580241246,0.048662387705963324,0.03461824815445754,0.02390988547915685,0.03660352429787319,0.01373440068047038,0.011540469757079102,0.015119873592143418,0.05352771547664434,0.039128283301650975,0.025952873935543425,0.0,0.022365615692948523,0.042756919668086514,0.114498413858453,0.6252839026500692,0.06084568404305522,0.057741057010482794,0.004408372318604819,0.04134034844090274,0.009933541456055872,0.05090167888888639,0.07229631601301874
economics,0.033960876337971804,0.30042792342149677,0.03604864861382503,0.15821132669503102,0.0,0.05885041084953324,0.0,0.08493158764014687,0.0607903320584068,0.15721699735609915,0.07225606086351972,0.027036486460368773,0.04564601121197663,0.0,0.00983255348499642,0.09179892217633875,0.09236841156597435,0.060674704187257754,0.12761118627033743,0.052642891123731106,0.028211535713313102,0.0030498477459490465,0.06462106417752733,0.2382040439147774,0.8424993560481926,0.061306456498651477,0.10733174591784658,0.01683191769839451,0.00526148347046791,0.025285304137656377,0.045729716513546154,0.07412176329942506
economics,0.040533011205337484,0.2830791835733723,0.03226860808140529,0.14336979017049456,0.015760977041691295,0.03679195538237222,0.018674797965499687,0.052887450625536646,0.018138630949759704,0.19062019190943363,0.09855898199658436,0.014341603591735684,0.035022511512729664,0.016680467380041728,0.039117855952657626,0.09641624967742574,0.03445113046925332,0.06860512376855504,0.11144385441187964,0.03695904931664265,0.2597481290681671,0.01456022649485125,0.03653364417132207,0.1873045001284404,0.8306638734468488,0.03080864380517467,0.06578245103630982,0.07031235167796049,0.056517208127533025,0.015089267805437324,0.06481299756311781,0.0366065643521295
economics,0.049298486368463276,0.3829249256745759,0.05998707507441923,0.07593215640835335,0.0,0.0500070897623344,0.561739193950084,0.040791233711170286,0.004842703434506334,0.09648336161972175,0.04385593028293296,0.05360547134309804,0.044327869778289716,0.04601845390502752,0.0181025810725044,0.012480720185542443,0.0343386814041927,0.05969786908653127,0.06479672488938304,0.034207099050977366,0.001712303616653681,0.002591553870083761,0.04046044194085275,0.24051028885694165,0.6380837496332439,0.06717393348181672,0.09120324182926913,0.0,0.030178250901735156,0.029542888931647755,0.0473582035229372,0.09773324977201941
economics,0.006015188290672107,0.4368995841456056,0.05746479160038225,0.06227237027538608,0.0,0.035738229944745514,0.5986183435637997,0.1098806010144318,0.10498070123283956,0.08486537113149191,0.06581866670338996,0.04469483791140842,0.027719562551991785,0.0074262544837146865,0.04179726812825107,0.007804573186291253,0.024540594100853512,0.047512041408669034,0.02646162219647501,0.03949059212045122,0.02569813028989534,0.07778771049592975,0.036144489326924996,0.059563716574575855,0.6136902205177543,0.013716212140979876,0.006165638443777109,0.0,0.02795759459929196,0.0,0.06682251169572855,0.06518993897704846
economics,0.4668320549727433,0.24840505117804196,0.0,0.16109630698655897,0.0,0.0,0.0,0.0,0.0,0.0,0.1418920366796864,0.0,0.0,0.0,0.0,0.0,0.31742802332885217,0.0,0.0,0.0,0.0,0.0,0.0,0.15408912055417615,0.7108628897605312,0.0,0.0,0.0,0.0,0.0,0.15715213972165926,0.14053662396660896
economics,0.1296860304497465,0.5018688636666492,0.05005766684185227,0.1545998342980063,0.0,0.06615470553919695,0.005431847334437145,0.04614934387556207,0.04220716041236381,0.27029322851186005,0.02866737003698881,0.06674355578913635,0.08149461585915459,0.014555298393508647,0.04551207932270748,0.06118717951805117,0.056115540135933964,0.053212899989158895,0.0475421906471236,0.08170074693844709,0.016789260110640553,0.029645434095018786,0.08973372999963293,0.13620086434540546,0.7270775058270534,0.07168927879805684,0.0765352818219387,0.058432601557536344,0.010959256315544126,0.0,0.08731378644671632,0.11002491790196234
economics,0.03147066680055552,0.48353475053743594,0.04175668929468752,0.13032031059486718,0.11013433198332444,0.007790736495431278,0.021749248089266385,0.08212581730655741,0.02112481137706453,0.09712595340471318,0.07891457950148584,0.03340535143575002,0.05438440212360028,0.0,0.027334719938806214,0.02041624554356869,0.04814742423981618,0.07102191281384522,0.06922184767173764,0.034434922796642266,0.0,0.12717968041372968,0.03782063421182762,0.054535155468018945,0.8086766435437862,0.008970175188112868,0.03225780203384529,0.0,0.021940563661416616,0.03514685723423892,0.07151042301203643,0.09947732337501254
economics,0.01256659194609974,0.31093543604119733,0.02667826665189804,0.06504796100736601,0.019545724461616065,0.049774862219795775,0.0,0.08198441114006086,0.1012245032606208,0.21053893409843266,0.06875232219916307,0.0666956666297451,0.014477536474437865,0.0,0.043660246998748764,0.0,0.025634412197746047,0.01417992512232551,0.04146159591844649,0.04125075832265612,0.3400181966595322,0.0,0.01510220550123036,0.049774862219795775,0.8323997548987595,0.014327568206728059,0.012880903916222214,0.03737003237744314,0.011681485803814394,0.014034536219064406,0.06345537305018129,0.03404778547772507
economics,0.018125395604454364,0.2893400169152668,0.014429751693443035,0.11258613615325291,0.0,0.06281857791400959,0.0,0.0177375046275738,0.012166744534056523,0.21576578043329414,0.07850543274668656,0.02885950338688607,0.04176328428624558,0.03356598177951011,0.0,0.011758649080429676,0.00924343418177123,0.030678574619047022,0.06976904612723069,0.03966529227064027,0.6001246932770873,0.0,0.03267394816156085,0.11666307326887494,0.67275555449662,0.02066533574978927,0.060380913992763484,0.0,0.016848764752616003,0.010121340861017503,0.018304942894556833,0.04910874673788545
economics,0.04483287733371129,0.41057312444825245,0.0576077545682993,0.1612252715810151,0.0,0.06542347449331443,0.0,0.05849791357408859,0.06018849763609106,0.16853470145445099,0.04088040789398405,0.09517802928675538,0.09514549071767386,0.0466104821369007,0.01639614242731107,0.009184683541098132,0.04091360871477505,0.03727584279233301,0.08304246584916788,0.0697107803628569,0.006720538178968165,0.010171465245624832,0.06805767609288792,0.17991455485661467,0.8102419617282514,0.04573481263563867,0.0846525184833807,0.0035084797698885185,0.054835725335979586,0.018446823987154876,0.09055396939204752,0.09376608642756781
economics,0.07123098125866324,0.34112314741214894,0.0189024908269259,0.0368710157161426,0.0,0.035267241638963505,0.0,0.0,0.0,0.1570255204529245,0.04871343991934624,0.0567074724807777,0.08206275286931418,0.0,0.061869643119145605,0.02310515396611389,0.07265153283668196,0.060281855950079385,0.019584666593831707,0.0,0.025359458820555195,0.019190639735397978,0.06420266459096514,0.035267241638963505,0.8677289511487041,0.020303172626139426,0.18253147499864403,0.0,0.14898138849825265,0.01988792567392306,0.0,0.09649621709947945
economics,0.03924047515668393,0.4110783287520421,0.06768582442377805,0.07616960436202555,0.0,0.02428548812126261,0.040678395920181826,0.16000296969813105,0.49388112028541975,0.08650387690045958,0.04472629032981901,0.05727262066627374,0.04520759588533356,0.018167121740019842,0.02840283528868815,0.04454943922746157,0.015008641354140916,0.03320870538365909,0.06473404768662144,0.03220243332674122,0.020955429707363128,0.005285971135531482,0.058947736419309615,0.1505700263518282,0.6796899311586385,0.06151654376059095,0.11061035313252317,0.014586470952120989,0.10031076066371426,0.0219121410244686,0.049536481339050926,0.07087847343757835
economics,0.039360637582300975,0.3691399116482,0.052225455672134984,0.05093523426359884,0.011478830837504244,0.05602766717418785,0.020401480777825182,0.0866661831617995,0.02972360916631361,0.09544564656779675,0.07851069004200383,0.052225455672134984,0.07368730015552064,0.015185627677104012,0.07977146975420286,0.009575541170502258,0.040145602422618415,0.044413863048783475,0.05411023057303824,0.02422578286286705,0.0,0.07423021016630252,0.04138977257953944,0.2265466542260639,0.8522141023347597,0.033657229146110114,0.07816865931887976,0.014631137733646974,0.06402959366055594,0.035716265842040615,0.07950107561352245,0.05998684325944787
economics,0.02834801960749432,0.374950283490954,0.07737618082329357,0.10900444364438813,0.0125976326223218,0.08822261515982327,0.005597485567752331,0.10039730372866981,0.06524133229026813,0.13926776219062265,0.07754656895529838,0.03438941369924159,0.02332769580111953,0.019998861694919292,0.06096989641402505,0.02627208980024751,0.09913152351775317,0.01827852302470436,0.07571481275274185,0.06646746450374841,0.005767076734450018,0.02618523353838733,0.024334226785111577,0.22857677564136034,0.8263321618302502,0.027703261804504317,0.13283223812852377,0.0,0.05646723414946033,0.022613888226507874,0.07361699293894804,0.04754645464473291
economics,0.021894148490250145,0.262126139178896,0.038733514891735696,0.015110643876417513,0.0,0.036133445103102055,0.050436519212792984,0.09522490951061256,0.039190760085605576,0.1608822453753582,0.05323722375200576,0.09296043574016567,0.06726264574174826,0.0,0.02535569269726268,0.04734528551906525,0.04466156214230566,0.08234992895990362,0.09631530347286749,0.015970921275949942,0.010392926359452463,0.0,0.008770607315874347,0.17344053649488989,0.8890413585978851,0.03328294652655344,0.13465055167225784,0.0,0.02713609607361522,0.0,0.08107377097552096,0.065910849108745
economics,0.011444176585338861,0.44758100080448804,0.07288629945126132,0.023695218416496033,0.0,0.011332275194370618,0.015818046519911342,0.20905297399623307,0.015363898913437346,0.08073016556399379,0.06261154331055814,0.07288629945126132,0.0395533215317556,0.028257591806755987,0.013253542370020978,0.0890913893973597,0.046689626131040406,0.02582682206326299,0.025172235889987866,0.05008846360768288,0.016297297592865377,0.061664479707221324,0.027506631443984735,0.022664550388741236,0.8190446575618349,0.0,0.08211290518528143,0.0,0.06382875495188133,0.08946705521373233,0.034672622342935916,0.14469805322592083
economics,0.05188133618249422,0.4031997857708292,0.06086770773330907,0.025441706095650288,0.0,0.010815587247181178,0.0,0.11401219163888082,0.04399017486912942,0.09390386427334933,0.07718587886505629,0.014492311365073588,0.018874956379237123,0.013484602356507428,0.06324627728259802,0.0,0.005570105255754243,0.03389273852852882,0.02102145819833058,0.050792506148828666,0.003888558144450816,0.0058852926608841186,0.059068088808334224,0.15682601508412708,0.8191226808309848,0.03113239435913044,0.07557012547535341,0.19082328806559135,0.16244939489972943,0.1189330923900624,0.05515290995652149,0.07644856672314995
economics,0.021104692529237443,0.3571131996376629,0.058245513382718266,0.06773090731469365,0.009847693952176844,0.010449165208630635,0.0029170732007366904,0.05232104318774061,0.005666643820120317,0.10049260283745867,0.021168511579468963,0.04480424106362944,0.02674538593301969,0.0,0.04399455759897439,0.008214860921678828,0.03444092972361213,0.0119070851141614,0.032494833187784955,0.04156661924243068,0.0,0.09552319422660581,0.02536307417189173,0.07314415646041446,0.7809270682775354,0.01684348836137434,0.015142789904499526,0.4581501682850519,0.04904555014429967,0.016498999973498064,0.03410200361838678,0.04955671147532282
economics,0.035305902869635725,0.39653043383717224,0.06156830856763734,0.06526877553722052,0.015689660156488126,0.024971915024761822,0.02439976392599647,0.20401154275322786,0.2234498732275267,0.06226423025714742,0.1540680894823145,0.04550701068042761,0.0668227396170807,0.03424779164949047,0.023364510879909022,0.03272044620798373,0.03343786139962102,0.011382448711514313,0.06379025955276325,0.019315701940579733,0.010773866420693444,0.10327219308312138,0.015153472079857518,0.20726689470552312,0.791064108091862,0.03450289240604811,0.03877388991466818,0.0037496890252805884,0.07501529769115947,0.016898614131453746,0.07131127507204632,0.06604917332855305
economics,0.04413185545713616,0.45791677346152365,0.05019096094423573,0.04895100139784529,0.0,0.018728714262256956,0.03921344148159309,0.2755768415235445,0.512066556215117,0.058372023936148355,0.05173867048185005,0.016730320314745244,0.02178976549679435,0.015566993494566852,0.05110926171115846,0.03681006564505886,0.009645422607349003,0.03556973058723525,0.041601850046838335,0.017245958016918358,0.03142340457380192,0.0033970713463935672,0.03788323113963863,0.07179340467198499,0.6336117991758751,0.010782026068977758,0.05492902626176991,0.04218350149988392,0.0849772596128652,0.042246034552857754,0.04138551727893019,0.06547900772866012
economics,0.042497046861976896,0.4172101599120938,0.0541315045303387,0.021997581039177785,0.00660987141111388,0.021040754937535187,0.011747813557557028,0.22180049306062471,0.29667365770169013,0.10117747145923052,0.06200080702653598,0.04510958710861558,0.03916750372028241,0.1626451235795299,0.024607991976790197,0.044111179422247265,0.013003368229660977,0.023976466531557092,0.023368778003827785,0.05114987841715494,0.030259364418356527,0.036637788860327876,0.025535926433267585,0.19357494542532375,0.7538932427105165,0.03391655733533452,0.021779985365173424,0.01895640469575398,0.1145611387780639,0.05220739087737178,0.03862621427276093,0.06524658342901654
economics,0.022576648255250988,0.29912903323119633,0.06230787140188949,0.12153713109734526,0.02106905108194838,0.10730828798546474,0.0,0.08837399450839194,0.10305172701928964,0.15129841024721233,0.020586289447446934,0.01917165273904292,0.05201955311159682,0.011149106377454629,0.031375317777675056,0.041009779433754424,0.013816135112071883,0.015285059774948737,0.08938594054780045,0.024703167066761768,0.501551011497981,0.0,0.01627921951833327,0.21461657597092948,0.7150690403041275,0.05662876873192205,0.07405225236527008,0.0,0.012591900678685354,0.025213899600021464,0.04104052010486041,0.048935137220838386
economics,0.11271032273233898,0.4138210112177481,0.04785571230723495,0.14002033409854717,0.0,0.06696494334518549,0.0,0.11765149346140708,0.030262902569661475,0.17889471235415946,0.08221901856289672,0.0,0.0779098015787589,0.0,0.026106046629610996,0.058495656003264215,0.022991618445592138,0.025436075965747356,0.2727053266688299,0.024665325881205773,0.0,0.0,0.027090470722924656,0.4241113078528414,0.6350246604075062,0.10280367778161971,0.16174116110336098,0.0,0.0,0.02517527605629624,0.045530725315270026,0.16286725548610956
economics,0.0,0.36149214445028033,0.04652404987188359,0.03024978717904051,0.0,0.01446700793630933,0.0,0.05718882538158952,0.019613858973683087,0.0644135845340902,0.026643713889228027,0.03101603324792239,0.03366303804503184,0.09018550951101238,0.10151841498513192,0.03791194664094433,0.0,0.03297103479665594,0.06427075413346957,0.0,0.0,0.0,0.035115512867084406,0.20253811110833062,0.8787562498829283,0.016657166586575716,0.07487640582909051,0.0,0.013580843043656423,0.0,0.0737729323259357,0.06597300467920507
economics,0.004441578408380334,0.2091608304489369,0.01885851209975191,0.04598153904554093,0.062174757727076896,0.004398148564539143,0.0,0.3766989884583894,0.16695993048173877,0.0744135870589194,0.16200034245062336,0.03771702419950382,0.030701934313078195,0.06031851202940685,0.020575232192992607,0.00576284932004715,0.009060312630296543,0.015035400892917073,0.04396297659657464,0.009719870923428303,0.0,0.24411138012509226,0.01601332250483541,0.07476852559716543,0.8149848839128246,0.01012796752923146,0.027316019312207014,0.0,0.05367366582008301,0.00496041355600594,0.017942303914650723,0.07621510218293062
economics,0.0415690440723769,0.41078549810353876,0.046225702912945775,0.07992111238593516,0.04926119970618953,0.04704294984638349,0.0191521299944369,0.1368895754340597,0.05580677528817683,0.17105592596175428,0.07039372672331101,0.06513621774096906,0.07069514526234898,0.08553411935719846,0.07106567035112984,0.053934911272874225,0.012113728833994511,0.04913939984071649,0.10014189867072641,0.023825202289659297,0.016913482512179064,0.0,0.02616774447677479,0.27833745325776893,0.7806847221442605,0.03385298534797793,0.05478268757510899,0.10301364453379246,0.09200285818529917,0.017685660432509735,0.06796894734792788,0.07865992379356497
economics,0.047872417575852456,0.4956965382696116,0.06454930850004639,0.0776886902511965,0.012074499709066707,0.042279528742284474,0.026825213865807298,0.11648673989680765,0.006948011330338174,0.07643983561995721,0.06370829815147334,0.06454930850004639,0.05217096080028697,0.009584191607917486,0.043453929388506965,0.026859847944241018,0.00791791328153689,0.07153789228019901,0.0412656680899358,0.03822439048067729,0.0018425304827748964,0.00418297633399353,0.0808555511890989,0.16783691712846263,0.7900474617910637,0.05753117108259591,0.05570084118706404,0.13466590104686585,0.04931148314883549,0.03467970784644288,0.06402662359220186,0.08062743221249742
economics,0.021743139879848047,0.3592391150429832,0.06577747830312881,0.08103468173605652,0.0033818669599897954,0.01937748151504541,0.036063826405718674,0.07376313594459154,0.007297584948197087,0.10449128447162899,0.0832703055479831,0.05308357898147236,0.060118848839108695,0.012079678473726029,0.03903025407151261,0.01410562049696711,0.01774140873019325,0.04661570804650451,0.07293388466997386,0.021412034675901755,0.029415545771566392,0.017573733652578867,0.02874337807159524,0.18839218139627484,0.8012403265887128,0.03966406433733396,0.05794612984646091,0.33945915369156715,0.09499498753147978,0.054636809431287195,0.041721195543297285,0.06774721660646045
economics,0.058569656384112524,0.45898105413225465,0.05275053489583159,0.13596797393857277,0.1049002665774509,0.05623947742547837,0.02207849895050949,0.06715842434509392,0.002382734356322202,0.1611971156944168,0.13270619486515153,0.07159001164434287,0.07156553712478313,0.013147118814872984,0.02466535682845548,0.01381687783586667,0.023533035130109594,0.07009438101297091,0.05660619732449004,0.03884023963117798,0.007582475862770354,0.02868999760886678,0.07038749970105025,0.21441300768463628,0.7797039372094532,0.08094195672166246,0.05275766448307939,0.0026389715091023913,0.03629626937411326,0.03369676506969516,0.06631951544317002,0.06732217349063584
economics,0.03284330355206802,0.29884273211089246,0.048807320994796184,0.0272008823136309,0.09195039481702263,0.04553102548850351,0.027237446027514184,0.05142470919389609,0.008818479721883278,0.1679717061686378,0.06588523861096844,0.055779795422624213,0.09837785221358744,0.0,0.045643138616694647,0.008522691356118913,0.006699658784183826,0.14082730076026417,0.06501694905078989,0.0,0.0,0.014157525167859968,0.04736428031180541,0.14309750867815388,0.8702043622986273,0.0449348246966109,0.10772726649453988,0.009766811259467259,0.1282261778313159,0.05135177057751133,0.06633728820147303,0.05932352269238671
economics,0.07449325217440847,0.37961440806594704,0.06082521920024262,0.16017086347856904,0.06238869213075588,0.07376485564243399,0.023760913607171287,0.037384136260908335,0.0,0.1667434673229475,0.08360113491840677,0.06082521920024262,0.07261785595969325,0.0,0.03981734088929937,0.029739489203027707,0.1578022536330385,0.08405689804223077,0.069322387953246,0.04388992020917262,0.008160271869369563,0.01852573101375182,0.09641053227389718,0.13050705229046014,0.8202129268088252,0.058799152084102406,0.11747147060556701,0.00852019526057337,0.04261319935797145,0.00639961923341525,0.02893506557657745,0.07245222384654378
economics,0.03656750600493278,0.4986076861821066,0.054988657502367595,0.05047545566207906,0.0,0.012069982729632042,0.004211942108648417,0.0636176821747448,0.008182028381958145,0.1585358234469582,0.09725249406201511,0.03234626911903976,0.045638840500489074,0.022572826676806577,0.12351780350609352,0.11070622904619996,0.024864511820829164,0.030946606244806198,0.04356770611166614,0.05001479846795721,0.09547019765351379,0.055826902672421144,0.014648627957966238,0.1418222970731765,0.781878325256087,0.05558902404967175,0.049976162545444736,0.013592874755024674,0.08214718118737051,0.05445209962715121,0.052317128708107216,0.07981089762154837
economics,0.02431289873200153,0.31049008513326776,0.046084917499268116,0.13843490303707467,0.0,0.06534688108261638,0.004800726881345331,0.033989418034521164,0.02331447262567047,0.13322608438859787,0.06334134847712296,0.06820567789891681,0.05401938359344029,0.006432067026324123,0.07240334429898879,0.2748960296046835,0.05490934383014815,0.05486850929912867,0.08212670670152124,0.051305702488042074,0.33139393001368267,0.003742994749471635,0.04174087641674744,0.16852616700253698,0.7708545462864053,0.031679889606631755,0.0605224429889188,0.018075183325388093,0.04842956102616426,0.013576483556889271,0.0683996999549285,0.06116787801311633
economics,0.04007471493268754,0.47979168080814544,0.04861524613645421,0.11853553592180581,0.0,0.07369674660503805,0.0039564957547899545,0.14566351215612744,0.07685803775013499,0.1363005071020456,0.06264295783862928,0.04253834036939743,0.042870930804807396,0.049475596950799,0.029835432365949086,0.44196644547668207,0.04087392053859594,0.02906975287749674,0.06296216433043246,0.05950989387639513,0.03261094910022142,0.009254312858765821,0.09288145981844353,0.15873145422623583,0.6581797658966768,0.02610882723362257,0.05868150304871924,0.051073970036975974,0.03459125594170619,0.019181130888396437,0.0635983679476637,0.06204456582575736
economics,0.022606156629225063,0.448077114540503,0.031994517798504055,0.15602049213782057,0.0,0.01865426097566624,0.010415347768971768,0.15239858684419424,0.03540710448933869,0.13621365436238878,0.08588831817172508,0.05199109142256908,0.05642817295722067,0.032560729257461805,0.02618027190288182,0.41063380477383393,0.026899820161275224,0.03826259454602525,0.07458564226882079,0.04122575811042908,0.11267454739494868,0.016241120553918114,0.11319789554979481,0.21265857512259517,0.6655162201522815,0.09450464045862424,0.08110051352568391,0.028010538072797565,0.014009287422596545,0.008415618314217943,0.06088023900369249,0.05104072599058928
economics,0.05621725407993275,0.35896377880812047,0.03580395308166502,0.15131749633067038,0.0,0.14473565763365495,0.0,0.058681793649995095,0.12075538365692358,0.1982854858793536,0.07176559212350697,0.10741185924499505,0.10362553028548953,0.0,0.0,0.16046940440002613,0.09174142169278829,0.08880840880307635,0.08655754122321453,0.07381490133717289,0.0,0.012116582429700675,0.08107253207280549,0.16700268188498646,0.7789977344147163,0.14100914555798932,0.11524668762117495,0.016717663899240925,0.03135461348379246,0.0,0.06812895992421164,0.050771469179819555
